Customer_ID,Name,Email,Phone,City,State,Country,Signup_Date,Gender,Age
1,Megan Mcclain,garzaanthony@example.org,538.990.8386,North Judithbury,,Australia,13-04-2024,Other,38
2,Jay Ramirez,susanrogers@example.org,(615)759-4078x1,Lisatown,,Brazil,05-11-2025,Male,59
3,Victoria Wyatt,jamesshawn@example.com,(555)434-1928,Lake Chad,Georgia,United States,24-07-2025,Other,37
4,Randy Brown,trujillorichard@example.org,495.537.6724,Grayside,,Australia,10-04-2024,Male,26
5,Daniel Bright,ddavis@example.org,(626)291-6697,Juliechester,California,United States,03-04-2026,Female,49
6,Edward Moore,mckaynancy@example.com,728.914.8932x52,Lake Nicoleview,Florida,United States,16-11-2025,Other,26
7,Keith Miller,wcabrera@example.net,001-822-778-248,North Sarahport,Pennsylvania,United States,01-05-2024,Other,65
8,George Chapman,briannasmith@example.net,-6495,Lammouth,,Germany,26-12-2023,Other,44
9,Matthew Gomez,uowens@example.org,-2907,Port Thomas,,United Kingdom,26-10-2024,Other,27
10,Krista Williams,novaksara@example.org,(267)873-6026,Port Sandra,,India,04-12-2024,Other,24
11,Monica Logan,smoore@example.org,4982050097,Saramouth,,India,19-06-2024,Other,44
12,Bryan Zamora,bethwilliams@example.org,(799)385-4353x4,Port Jacobland,,Brazil,08-08-2025,Female,20
13,Daniel Baker,nicole35@example.com,(378)449-8084,South Christineshire,,Germany,16-07-2026,Male,46
14,Douglas Clark,james48@example.com,801-264-0052x42,Darrellville,,Canada,19-10-2025,Male,72
15,Lauren Hernandez,bobbydiaz@example.org,(833)215-8692x3,North Sierraberg,Pennsylvania,United States,23-03-2025,Other,59
16,Michael Moss,josephcobb@example.org,(707)633-7543x3,Lake Sandra,Ohio,United States,01-12-2025,Female,30
17,Ms. Teresa Wilson,gregory40@example.org,-10936,Port Joshuahaven,,Japan,19-10-2024,Female,23
18,Nancy Gonzalez,qjones@example.com,-6054,New Saraside,,Australia,21-08-2025,Other,58
19,Joshua Smith,jason99@example.net,577-673-8721x48,Byrdburgh,,United Kingdom,06-06-2025,Male,21
20,John Atkinson,gibsonolivia@example.net,567.463.2016,Port James,,France,15-09-2023,Male,26
21,Casey Marshall,stephanie79@example.net,968.372.7743x48,Williamsbury,,France,24-04-2026,Male,22
22,Brenda Hall,jasminebrown@example.com,787-660-3669x09,Jimmymouth,,India,25-07-2024,Other,31
23,Rebecca Hurst,brobinson@example.com,2658627298,Castanedachester,,United Kingdom,15-03-2025,Male,39
24,David Murphy,wmurphy@example.com,264-517-0805x31,North Dawnberg,,France,01-03-2026,Other,18
25,Michael Elliott,stevenscott@example.com,(699)812-4190,Port Andrew,New York,United States,29-01-2024,Male,52
26,Lori Garcia,melissa91@example.net,8589651850,Davidborough,New York,United States,09-11-2023,Male,60
27,Nicholas Sheppard,christina87@example.com,(294)953-1473x7,South Susanmouth,,India,11-09-2025,Male,18
28,Douglas Carlson,angela83@example.org,367.683.7770,Hunterborough,Florida,United States,01-09-2024,Other,38
29,Kara Schmidt,jbarajas@example.com,(574)544-3135x1,South Heather,Illinois,United States,11-07-2024,Male,26
30,Diane Garcia,kennethward@example.com,9823400842,Hillshire,,Germany,26-06-2026,Other,25
31,Anthony Everett,ewilson@example.com,519.802.2941x31,New Justinfort,,Germany,01-12-2024,Female,46
32,Elizabeth Oliver DDS,mezajared@example.org,912-632-8120x67,Kerrport,,France,21-02-2026,Other,55
33,Michael Bradshaw,ronaldstephens@example.net,(642)910-2499,East Keithport,North Carolina,United States,07-09-2025,Male,57
34,Katherine Miller,prestonjessica@example.net,901-639-9049x02,South Haleyfurt,North Carolina,United States,20-05-2026,Female,47
35,Julie Ortiz,elizabeth25@example.com,001-874-268-071,New Ryan,,Australia,03-01-2026,Male,21
36,Kathleen Ramos,harrisandrea@example.com,371.509.3248x08,Gutierrezborough,,Mexico,22-02-2025,Female,45
37,Katrina Hill,pbaird@example.com,-9778,South Staceyberg,,Germany,01-02-2025,Female,63
38,Lauren Keller,seanwashington@example.com,-4856,Loriport,,Brazil,01-10-2025,Male,23
39,Samantha Pollard,ihanna@example.net,001-851-471-870,West Juliefurt,New York,United States,04-10-2024,Male,26
40,Marie Christian,ofinley@example.net,001-478-609-134,South Kimberlyview,Michigan,United States,14-08-2024,Other,63
41,Charles Schmidt,georgemiller@example.com,-4875,North Markton,Michigan,United States,27-06-2024,Other,36
42,Melissa Bryant,james67@example.org,669.259.4406,South Sierrashire,,Canada,03-07-2024,Other,45
43,Robert Robinson,christinebyrd@example.net,001-421-504-709,New Julieport,Texas,United States,23-11-2025,Other,59
44,Susan Rivas,robin74@example.net,317-912-3685x16,Port Amber,,India,20-06-2026,Other,64
45,Teresa Rodriguez,thomasharvey@example.net,393-517-4612x00,Emilyview,,India,04-05-2025,Female,46
46,Theresa Barnes,nicolepena@example.com,-4741,South Shawn,,India,03-08-2025,Female,39
47,Anna Lewis,williamsmatthew@example.org,001-431-283-933,Hillville,,India,27-05-2026,Female,44
48,Rebecca Rodriguez,andersonmichael@example.org,001-350-324-026,Micheleberg,,Germany,07-07-2026,Female,45
49,Jonathan Dougherty,acostaregina@example.net,447.300.7661x77,Weststad,Illinois,United States,17-02-2025,Female,27
50,Jane Harper,shawn96@example.org,001-318-736-736,West Claudia,,Germany,04-05-2025,Female,22
51,Thomas Jones,daviscolin@example.net,(228)609-8851x6,Edwardsview,Texas,United States,22-09-2024,Male,45
52,John Boone,megan51@example.com,001-636-289-980,Michaelshire,Pennsylvania,United States,10-02-2025,Male,53
53,Aaron Kane,vjones@example.net,7186366752,West Jacqueline,North Carolina,United States,14-07-2024,Other,39
54,Brittney Webster,craigjoseph@example.net,(979)676-4381x5,Kimberlyshire,,Australia,16-05-2025,Female,40
55,Daniel Taylor,keith10@example.com,001-862-226-838,East Randallton,,India,28-08-2023,Female,64
56,Michelle Butler,sullivantammy@example.org,-2859,Morsemouth,Illinois,United States,24-04-2025,Other,37
57,Kerry Lee,michael23@example.org,(943)929-2127,Jeffreyburgh,Michigan,United States,09-11-2023,Other,31
58,Jeremy Turner,brittany58@example.org,977-200-5411x99,Michellemouth,Georgia,United States,27-01-2024,Male,72
59,John Hernandez,hayeslisa@example.com,001-718-720-377,Stoutshire,North Carolina,United States,14-07-2025,Female,25
60,Mark Cook,cody64@example.com,001-692-851-925,Paulmouth,,France,12-08-2025,Other,32
61,Katie Smith,henry35@example.com,232.721.4188,Lisahaven,,France,27-11-2023,Other,67
62,Patricia Lamb,jenniferwilliams@example.com,-9313,New Nicholas,,India,08-02-2024,Other,61
63,Ruth Solis,moniquewilliams@example.com,(881)381-4124x7,Kimberlyhaven,,Australia,04-03-2025,Male,56
64,Anthony Shaw,paulmiller@example.org,4519522047,Port Shannon,,Brazil,26-08-2024,Other,35
65,Chase Bentley,srodriguez@example.org,510-436-9711x79,Gilbertland,Illinois,United States,09-09-2023,Other,66
66,Matthew Miller,carlos88@example.net,380.767.0654x05,Rubenstad,Pennsylvania,United States,02-05-2024,Female,18
67,Sandra Cohen,zwelch@example.org,670-843-0305,North Michael,New York,United States,14-08-2024,Other,60
68,Amber Rios,david56@example.com,001-876-452-775,Kingborough,New York,United States,19-06-2024,Other,58
69,Jeremy Robbins,hannahbell@example.org,001-959-264-016,Manuelland,,Mexico,03-08-2024,Male,65
70,Travis Johnson,erikarush@example.com,419.928.5654x31,North Joel,,United Kingdom,07-07-2025,Female,44
71,Jeremy Davies,heather73@example.org,(617)627-1551,Mcintyreville,,Canada,25-05-2024,Male,41
72,Isaiah Walker,laurayoung@example.com,3583957829,Lake Jenna,Pennsylvania,United States,04-09-2025,Other,56
73,Samantha Jones,dawn77@example.net,452.489.2268x01,Raymondfort,California,United States,02-03-2025,Male,28
74,Stephanie Singleton,james84@example.org,-9328,Sarahbury,,France,22-08-2024,Male,61
75,Kenneth Montgomery,jimenezcourtney@example.com,-6192,North Brandonshire,Georgia,United States,28-05-2024,Other,45
76,William Reed,xanderson@example.net,-2224,Catherinemouth,,Canada,23-02-2026,Female,44
77,Caitlin Murphy,james27@example.net,774.270.1687x33,West Soniachester,North Carolina,United States,10-05-2024,Male,40
78,Brian Anderson,jessica65@example.org,(609)383-5841x6,West Troyfort,,Canada,19-06-2024,Female,61
79,Todd Fischer,carriemorales@example.org,4027578729,North Phillip,,Australia,14-12-2025,Female,51
80,Katrina Burns,thomas05@example.com,-2383,Franciscoport,,Australia,13-05-2025,Male,32
81,Ashley Smith,robert63@example.com,997.702.8385x78,Hernandezbury,Michigan,United States,22-09-2023,Male,18
82,David Grant,shellyhendrix@example.com,001-837-857-584,Ericaview,Florida,United States,31-05-2025,Male,66
83,Miguel Reed,vdouglas@example.com,538.548.4219,Stephanieberg,Pennsylvania,United States,24-06-2024,Male,18
84,Jason Love,maldonadoderrick@example.net,(367)573-4540,Lake Rebeccabury,,Canada,30-06-2025,Female,29
85,Russell French,sharonhayden@example.com,9044991547,East Robertburgh,North Carolina,United States,11-05-2026,Other,32
86,Mariah Higgins,doylekrystal@example.net,-8178,Nelsonville,,Canada,06-08-2024,Other,69
87,Elizabeth Sharp,greenmichael@example.org,6177426841,West Patrickmouth,Ohio,United States,31-10-2025,Other,20
88,William Brooks,ztodd@example.net,339.218.7851,East Susan,,Canada,10-01-2025,Female,22
89,Jessica Frazier,gdavis@example.com,9726867908,New Amanda,,India,11-02-2024,Other,45
90,Amber Cooper,weaverbrian@example.org,404.762.2656x76,South Jonathantown,,United Kingdom,23-10-2025,Other,58
91,Courtney Smith,goodsteven@example.net,-4982,East Victoriafurt,Texas,United States,05-03-2025,Female,19
92,Stacy Allen,garciaarthur@example.net,-8791,North Lisachester,,Japan,05-06-2025,Male,69
93,Jennifer Hill,conniesimmons@example.com,8564856624,West Nancy,,Japan,05-07-2026,Female,71
94,Renee Melendez,jfaulkner@example.net,(363)543-5175,Allenbury,,Germany,05-07-2024,Female,23
95,Philip Ramsey,timothybooth@example.com,603-831-7393x63,West Nicholaston,,Canada,08-03-2026,Male,33
96,Stephen Owens,ugill@example.org,(856)609-3204x8,Fergusonstad,,Canada,13-07-2024,Female,51
97,Kathryn Pena,jonathan77@example.com,(252)328-7280,East Mark,Illinois,United States,27-09-2024,Other,39
98,Michael Smith,nbrooks@example.net,-1852,Port Adamberg,New York,United States,03-02-2026,Male,50
99,Chase Lee,lisa46@example.org,(867)993-3410x1,Drakeburgh,,Australia,12-12-2023,Other,50
100,Maria Rivera,jacobsonsamantha@example.org,297.440.1489,Lake Albertburgh,Pennsylvania,United States,16-11-2023,Female,64
101,Michelle Sanders,evansanne@example.net,(785)862-1850x1,Alexisborough,,Japan,06-05-2025,Other,70
102,Darren Tran,rreynolds@example.net,-4268,Anthonyview,Texas,United States,02-12-2025,Male,34
103,Casey Lopez,ghawkins@example.com,801-258-1995,North Sherrymouth,Michigan,United States,06-09-2024,Male,66
104,Wendy Sanchez,ginajackson@example.com,647-521-2646x47,Robertland,,France,30-09-2025,Male,29
105,Adam Foster,vbrock@example.com,969-524-5937x52,Wheelerborough,,Japan,20-12-2024,Other,49
106,Christina Osborn,erinpierce@example.net,837.841.6724x34,Nicholasfurt,,Canada,12-09-2024,Other,66
107,Tammy Kane,ystephens@example.com,001-789-811-352,South Vickifort,,United Kingdom,01-05-2025,Other,54
108,Lauren Johnston,dbrooks@example.net,001-382-350-714,North Coreybury,,Australia,14-02-2025,Other,38
109,John Alvarez,cbowen@example.com,440-410-5123,West Larry,,India,17-12-2024,Other,38
110,Cody Davidson,vfoster@example.net,379.366.0334,Anitamouth,Texas,United States,23-04-2024,Female,46
111,Scott Rose,candice96@example.net,355-479-2499,West Mark,,Australia,19-12-2024,Female,55
112,Charles Price,baileyhenderson@example.com,-8485,Davidport,North Carolina,United States,22-12-2023,Male,37
113,Kathleen Cohen,cmckinney@example.com,(619)403-4043,Taylorfurt,,Canada,12-06-2026,Male,21
114,Brian Hampton,amber07@example.net,361.934.0745,Cunninghamfort,Illinois,United States,28-03-2025,Male,59
115,Heather Page,imartin@example.org,709.658.4982,Port Lisaborough,,India,31-12-2025,Male,57
116,Anna Estes,rsellers@example.net,(623)825-3672,Ashleyhaven,,United Kingdom,05-07-2026,Female,47
117,Melissa Wiley,uclements@example.net,5179518636,Hayesland,,United Kingdom,22-10-2024,Other,20
118,Kylie Washington,patricia00@example.org,-8687,Marcusport,,Canada,14-08-2024,Other,59
119,Amber Garrett,rubendavis@example.org,2372129387,Johnstad,Michigan,United States,28-07-2025,Female,50
120,Darryl Davis,garciamichael@example.com,(462)921-8909,Lisachester,California,United States,28-08-2025,Female,24
121,Jessica Robinson,taylordavid@example.net,(656)252-3413x8,Jenniferberg,,India,26-04-2026,Female,63
122,Matthew Bowers,troyrodriguez@example.com,-6996,Jamiehaven,New York,United States,08-03-2024,Male,33
123,Antonio Mccormick,courtney86@example.com,001-561-488-924,North Brendatown,,Germany,25-05-2024,Female,51
124,Troy Allen,christopherhamilton@example.com,-2151,Peterland,,United Kingdom,15-07-2024,Male,41
125,Steven Rogers,enelson@example.com,001-491-677-850,Davidview,Illinois,United States,09-10-2025,Female,44
126,Amanda Roy,brandoncox@example.org,(608)363-5365,New Emilyville,,France,19-04-2024,Other,56
127,Vicki Finley,wileymichelle@example.com,918-570-5349x49,Davidton,Pennsylvania,United States,27-02-2024,Male,39
128,Gregory Franco,tapiaaaron@example.net,(541)838-3670x2,East Adam,Ohio,United States,30-10-2024,Female,34
129,Mandy Foster,grahamtamara@example.org,345-465-5743x13,Stephenland,,Germany,30-04-2025,Other,56
130,Traci Clark,steven11@example.org,-6264,East Shannonmouth,,India,26-10-2024,Female,23
131,Joel Lara,davidbrown@example.org,(236)351-9941,South Melissaside,,United Kingdom,25-10-2025,Male,40
132,Sandra Rivera,dunlapbrent@example.net,(267)506-6253x2,Lake Scott,Ohio,United States,04-01-2024,Male,56
133,James Barnes,crystalpham@example.org,(757)587-5985x6,Victorside,,Germany,11-01-2025,Male,37
134,Hunter Silva,terrigarcia@example.net,448.503.9652,Port Kimberlyton,,United Kingdom,29-12-2025,Other,68
135,Michael Meza,annalopez@example.com,-1850,Lindastad,New York,United States,20-04-2026,Other,62
136,Christopher Lang,brian29@example.net,(718)651-5691,Smithborough,,India,26-12-2025,Other,61
137,Mark Freeman,grant89@example.com,892.264.4220,Derekburgh,,Brazil,08-10-2025,Male,59
138,Margaret Garcia,vtaylor@example.org,555.521.5704,New Lucas,,Australia,29-12-2025,Other,41
139,Jeffrey Barnes,nicolesnyder@example.com,(286)717-9327x1,West Jonathanville,Illinois,United States,25-09-2025,Male,31
140,Candace Jones,morgantricia@example.com,001-806-629-620,Stephanieland,Georgia,United States,18-08-2024,Male,32
141,Sara Hernandez,adam14@example.net,-2151,Kennethville,,Mexico,11-10-2023,Male,22
142,Cathy Mcclure,jacob04@example.com,543.249.0211x58,Jacobsonview,Texas,United States,25-11-2023,Other,67
143,Taylor Armstrong,thomasmiller@example.net,4894899217,Cardenaschester,,United Kingdom,14-06-2026,Other,51
144,Michael Harris,maryscott@example.net,916-286-8548,Port James,Pennsylvania,United States,04-10-2023,Other,26
145,Olivia Ayers,hartcraig@example.com,-8698,Rodriguezberg,,United Kingdom,24-01-2024,Male,28
146,Erin Young,xmccall@example.org,344-547-1324x75,Richardfurt,Michigan,United States,30-09-2023,Male,64
147,Sharon Nicholson,cameronmckinney@example.com,(289)902-3303,Lewischester,,Canada,17-10-2025,Female,41
148,James Leblanc,allentracy@example.com,(679)285-5241,West Janetview,,Australia,15-09-2024,Male,46
149,Daniel Perez,josephortiz@example.org,001-707-922-903,Williamsshire,,Australia,28-11-2025,Other,68
150,Jennifer Garcia,anna99@example.com,517-215-4544x43,Jefferyport,,Canada,10-08-2025,Other,33
151,Yolanda Green,vsullivan@example.org,001-693-453-875,Guerreroberg,Georgia,United States,26-09-2025,Male,41
152,Robert Hines,staceylam@example.net,635-934-6554,West Connor,,Australia,03-01-2024,Other,46
153,Kaitlyn Lee,dillonpatrick@example.com,(702)423-5697x2,South Brianshire,,Canada,29-04-2025,Female,67
154,Raymond Johnston,tracygallagher@example.org,(296)566-6760,Cynthiatown,North Carolina,United States,13-12-2024,Female,28
155,Alicia Smith,jeremywiley@example.com,(616)689-4210,Stephaniemouth,,India,03-11-2025,Other,26
156,Whitney Cooper,mhoward@example.org,(803)632-3098x2,Lunahaven,,India,14-08-2024,Male,59
157,Michael Butler,qmartinez@example.com,001-823-304-618,New Virginiaville,,Canada,16-07-2025,Female,53
158,Paula Decker,michaelortiz@example.org,3873375300,West Danielville,,Brazil,31-01-2025,Other,72
159,Nathaniel Conway,stephenmadden@example.com,201.420.4556x11,Hernandezland,,Canada,27-11-2025,Male,36
160,Sherry Davis,ian66@example.com,967-962-1202x16,West Michael,New York,United States,28-11-2024,Female,46
161,Michael Roberson,timothyfreeman@example.com,301.845.0899x35,New Noah,,Brazil,05-09-2024,Male,71
162,Ryan Grant,smithsarah@example.net,872.817.5354x08,South Michael,,Canada,09-08-2025,Male,70
163,Scott West,hooperjulie@example.org,666-508-8019,North Stephen,,Canada,21-12-2025,Female,19
164,Sarah Rivera,xmoran@example.net,211.430.5548x85,Clementsstad,Ohio,United States,15-01-2026,Other,41
165,Chelsea Conrad,ylewis@example.org,001-951-260-917,Taylorchester,Texas,United States,12-12-2023,Female,32
166,Tammy Thompson,jessicaanderson@example.com,-7649,New Savannahshire,Texas,United States,15-01-2025,Other,59
167,Shannon Joseph,jamesweber@example.com,-9994,Morrisonhaven,New York,United States,03-07-2024,Male,20
168,Christina Christensen,tonyavega@example.org,5438805719,New Danielfurt,Georgia,United States,21-01-2024,Other,71
169,Matthew House,ybutler@example.net,580-604-3973x59,New Kristen,Georgia,United States,18-12-2025,Female,57
170,Jose Bennett,qramirez@example.org,(794)205-7202,Thompsonland,Texas,United States,06-03-2024,Male,34
171,Michael Fox,abigailhartman@example.org,(988)261-5335x5,Tracyshire,New York,United States,28-03-2025,Other,64
172,Lisa Haley,patrick16@example.com,-9801,Lake Michaelbury,,United Kingdom,10-04-2026,Female,25
173,Tyler Medina,simsjason@example.net,001-336-213-861,West Willie,,France,26-05-2026,Male,37
174,Susan Russell,bmccoy@example.com,3617809190,Port Johnathan,Florida,United States,03-11-2023,Female,58
175,Timothy James,wellsamanda@example.org,001-268-842-450,West Kristinport,,France,27-05-2025,Female,22
176,Sarah Thomas,jeffreydavenport@example.org,329-608-7814,West Jasonstad,Georgia,United States,01-04-2024,Other,52
177,Michael Young,christine35@example.com,259.749.2995x56,East Jessicafort,North Carolina,United States,30-05-2026,Other,33
178,Ryan Taylor,natalie77@example.com,001-347-281-291,Port Jeffrey,,Germany,16-10-2025,Female,45
179,Andrew Green,jvaldez@example.com,(539)442-7881x6,Port Bonniefurt,Pennsylvania,United States,16-11-2025,Male,54
180,Shelby Thomas,ccrosby@example.org,001-273-214-530,South Erik,Texas,United States,14-04-2025,Other,41
181,Patrick Lane,nicholasgray@example.net,-4528,Dakotahaven,North Carolina,United States,25-06-2025,Other,50
182,Chris Moore,guerrerorobert@example.com,001-417-477-392,Martinland,,France,18-02-2025,Other,53
183,Tyler Greene,johnsjessica@example.com,437-497-7236,New Dylanburgh,Georgia,United States,21-05-2024,Male,58
184,Andrea Gray,danielharris@example.net,-4251,Garymouth,Pennsylvania,United States,29-04-2026,Female,65
185,Andrew Moreno,shawnaolson@example.com,(899)616-2473x1,Port Erikachester,Texas,United States,26-02-2025,Female,33
186,Autumn Smith,gwendolynstewart@example.com,726-694-4869,North Jenna,,Germany,08-12-2025,Other,24
187,Cassandra Hansen,tking@example.net,(262)413-7213x8,Fischerchester,,France,30-03-2025,Other,66
188,Kaitlyn Burke,brownjeffrey@example.org,-9264,Oconnelltown,California,United States,24-12-2025,Female,52
189,Christopher Johnson,dianacantrell@example.org,665-766-9380x11,Jameshaven,New York,United States,19-02-2025,Other,47
190,Jordan Powell,greenrichard@example.org,-3410,Sylviaview,,Mexico,17-04-2024,Female,58
191,Judy Murray,olsonjonathan@example.com,-7468,Hartbury,New York,United States,04-11-2025,Male,63
192,Kenneth White,victorgonzalez@example.net,343.333.3952,New Sarahfort,,France,19-07-2024,Female,20
193,Kimberly Williams,uwatson@example.com,001-447-228-463,Lake Stephaniefort,California,United States,04-06-2025,Male,20
194,Scott Parsons,sbray@example.net,450.603.6915x59,Mendozaside,Illinois,United States,23-09-2023,Other,43
195,Jonathan Clark,michael64@example.com,(892)893-1438,West Thomas,,Mexico,03-06-2025,Other,48
196,Adam Fisher,wendyatkinson@example.net,-9706,East Lauren,Florida,United States,15-10-2025,Female,40
197,Patrick Green,ann45@example.org,(915)393-9982x4,East Lisafort,,India,30-01-2026,Male,59
198,Christopher Morton,robert99@example.com,812-653-5544,Austinmouth,Texas,United States,23-06-2025,Female,45
199,Joanna Jackson,martinezjimmy@example.com,001-313-326-111,Normanstad,,India,25-10-2025,Other,46
200,Ellen Wright,scott22@example.net,(900)455-7784,Christineland,,Brazil,18-07-2025,Female,39
201,Kristy Mills,regina78@example.org,274-456-4240,New Carla,,Mexico,22-06-2025,Female,62
202,Theresa Woods,cannonlauren@example.net,508.453.6866,Justinside,,Canada,28-08-2023,Other,35
203,David Duran,justin84@example.com,612.924.1797,Claytonbury,,France,26-05-2024,Other,45
204,Charlene Garcia,david70@example.org,720-973-5647,West Andrew,Michigan,United States,11-10-2023,Male,52
205,Andrea Harrison,paulawright@example.com,3135673037,West Christopherberg,Texas,United States,18-10-2023,Male,38
206,Nicholas Garner,kingdanielle@example.org,(803)513-6502x4,Priceport,,Australia,14-05-2026,Female,46
207,Randy Wright,ndavis@example.com,001-500-252-812,North Biancafort,,United Kingdom,22-08-2025,Female,28
208,Michael Hansen,llopez@example.net,(657)749-8218x2,Howardberg,,Germany,13-05-2024,Female,46
209,Albert Vincent,malikbrown@example.net,(338)278-2945x6,Smithhaven,Pennsylvania,United States,27-09-2024,Other,45
210,Mr. Kenneth Huff,sfox@example.net,705-839-1037x17,East Morgan,California,United States,22-03-2024,Male,60
211,Andrew Jones,christian38@example.org,438-863-3839,Lauraton,,Australia,14-01-2026,Female,50
212,Jessica Garcia,andreawagner@example.net,(889)875-5855,Port Daniellestad,,France,08-08-2025,Other,28
213,Joshua Garner,suzanne76@example.org,001-204-690-824,Charleneshire,,Japan,23-03-2025,Male,72
214,Jacob Perkins,jonathanevans@example.net,(893)315-7279x1,North Benjamin,,United Kingdom,02-09-2024,Female,20
215,Sheila Perez,walterscrystal@example.org,980-358-9258x32,Port Matthewchester,Florida,United States,06-11-2024,Other,41
216,Bradley Duncan,kelleyjose@example.com,562.527.8376x93,South Keith,Michigan,United States,13-10-2024,Male,56
217,Ashley Gutierrez,michael55@example.net,-10920,West Kimberlymouth,Georgia,United States,18-08-2025,Female,41
218,Sheila Wilkins,cooperlinda@example.com,970.453.8338x84,North Jodibury,,Canada,27-05-2026,Male,54
219,Duane Mccormick,brian01@example.com,-5390,South Brandyhaven,Pennsylvania,United States,05-10-2023,Female,38
220,Amanda Nielsen,matthew62@example.org,(655)543-8404x6,New Tammy,,Australia,08-04-2025,Male,25
221,James Yu,robertberry@example.com,495-878-2329x83,West Penny,New York,United States,20-07-2025,Female,51
222,Justin Fry,whitemary@example.org,001-205-666-474,Lake Sarah,North Carolina,United States,23-04-2026,Male,34
223,Michael Woods,xjoseph@example.org,(577)522-3306x0,New Jesse,,France,21-08-2025,Other,46
224,Frederick Ellis II,mparsons@example.net,(256)599-9880x8,East Saramouth,Michigan,United States,01-03-2026,Female,62
225,Lydia Williams,scott44@example.com,(364)390-8277,Terrellton,,Brazil,05-04-2025,Female,30
226,Jenna Morris,whitebrittany@example.net,971.745.2111,Port Brenda,Texas,United States,30-03-2026,Female,29
227,Joshua Williams,rhondacunningham@example.net,(622)420-6447,New Jasminehaven,,Brazil,02-06-2025,Female,23
228,Jimmy Foley,franklintrevor@example.org,001-577-667-199,East Susantown,,India,13-06-2025,Female,60
229,Charles Johnson,mark10@example.org,(622)749-9982x7,North Jack,Texas,United States,17-10-2023,Other,52
230,Ana Ruiz,nealjoshua@example.net,(783)639-0198x1,Priscillaland,Illinois,United States,05-11-2025,Male,63
231,Kathleen Morton,jeanettekrause@example.org,707-713-9660,Sarashire,,Germany,30-01-2025,Other,58
232,Barry Evans,katie15@example.com,(499)902-3557x7,North Danielle,Pennsylvania,United States,24-08-2025,Other,32
233,Joseph Cunningham,angela03@example.net,-4822,Stevenchester,Florida,United States,05-05-2026,Male,33
234,Brandon Wiley,shannon43@example.net,521-750-3178x07,Janetmouth,,France,14-09-2025,Male,41
235,Randy Garcia,jamiejohnson@example.com,001-681-204-091,Oconnorhaven,,United Kingdom,15-07-2024,Female,47
236,Donald Flores,rlambert@example.org,(741)709-8813,Danielleborough,,France,27-07-2024,Other,26
237,Eric Mcclain,bwilliams@example.com,-3022,Donaldport,,Australia,22-04-2025,Male,22
238,Thomas Duran,christopherlang@example.net,817.447.7332x94,Lake Katherine,Georgia,United States,29-12-2025,Other,44
239,John Bell,ssingleton@example.com,-8030,Kristinamouth,,France,15-12-2024,Other,22
240,Janet Peterson,bmueller@example.net,983-421-9719x97,Allenbury,Pennsylvania,United States,26-03-2025,Other,22
241,Linda Wilkins,troy01@example.org,(990)522-7846,Stephanieland,,Canada,18-05-2025,Other,51
242,Meghan Sellers,wrobbins@example.org,001-209-286-240,Lake Natalie,North Carolina,United States,04-07-2024,Other,55
243,Michael Long,jennifer66@example.com,-5168,Danielport,New York,United States,27-02-2026,Female,50
244,Alan Griffith,ibarrett@example.org,(867)996-9278,Whitneyberg,,Brazil,10-01-2024,Male,71
245,Jonathan Simon,robert89@example.com,4096751971,Kellyburgh,New York,United States,14-11-2024,Female,28
246,John Harmon,suttonamber@example.net,790-658-0778x79,Blackhaven,Florida,United States,25-03-2026,Female,51
247,Amy Kennedy,ashleydouglas@example.com,001-690-647-128,Garyport,,Brazil,02-10-2025,Male,34
248,Nancy Hopkins,lindsey43@example.com,(880)851-2927,Alexisville,North Carolina,United States,24-05-2025,Female,26
249,Nicholas Reed,karla10@example.org,867.247.8366x74,Lake Scott,,Australia,29-06-2025,Other,52
250,Joseph Blanchard,hardindana@example.com,-2784,Saramouth,New York,United States,30-09-2024,Other,55
251,Alexandra Davis,jenningsmichael@example.net,343-400-9109x39,West Amy,Michigan,United States,06-08-2025,Other,56
252,Brian Lopez,steven17@example.com,001-465-942-140,Douglasshire,Michigan,United States,23-12-2025,Male,70
253,Johnathan Thomas,probinson@example.org,241.201.1947x07,South Tiffanyborough,,India,31-05-2025,Male,20
254,Kaylee Case,zmendoza@example.net,001-218-330-671,Adamsmouth,,Japan,10-04-2026,Other,34
255,Randall Holland,angelaponce@example.net,446.215.7173,Amandamouth,,Australia,13-11-2023,Other,44
256,Arthur Fernandez MD,blevy@example.org,205-406-1387x82,North Jennifer,,Australia,13-05-2025,Male,49
257,Dana Banks,jacksonbrendan@example.com,579-329-1117,Valdezfort,,India,13-04-2026,Other,36
258,Jennifer Martinez,marcoconnell@example.org,001-909-525-114,South Matthew,,Australia,27-01-2026,Female,48
259,John Smith,saramann@example.net,267-423-2487x63,East Craigfurt,Ohio,United States,25-11-2025,Female,47
260,Hannah Smith,jamesdowns@example.org,-9280,Salazarland,California,United States,18-06-2025,Male,46
261,Dominique Hamilton,christina70@example.org,001-708-822-078,East Elizabeth,Georgia,United States,04-10-2023,Male,39
262,Erika Garcia,ykane@example.org,979-470-6239,Lake Erica,,United Kingdom,01-08-2024,Female,63
263,Vanessa Harris,antoniocarroll@example.com,(417)476-2534,Brooksmouth,Pennsylvania,United States,25-09-2025,Female,26
264,Cindy Wells,uramirez@example.com,001-233-956-939,North Robert,,France,26-02-2025,Other,53
265,Annette Simpson,hansenalexander@example.net,(232)954-3107x4,South Amandafort,Florida,United States,30-12-2025,Female,25
266,Lori Padilla,daltonchad@example.net,780-246-4989x31,Ingramfurt,Florida,United States,04-03-2024,Male,24
267,Justin Jones,devonrogers@example.net,879-633-5548,South Michaelton,Ohio,United States,12-09-2024,Other,44
268,Barbara Mckinney,shannon51@example.org,911.462.4112x41,North Nathanmouth,New York,United States,19-01-2025,Female,54
269,Michael Huynh,creed@example.net,-2219,New Stephanie,,Germany,13-09-2023,Male,66
270,Richard Perez,tara02@example.com,272-792-8422x22,Torresberg,North Carolina,United States,03-04-2026,Female,49
271,Amanda Stewart,earl78@example.org,-7921,South Jorge,,India,03-03-2024,Female,19
272,Tony Hooper,laurenchandler@example.com,317-702-8140x69,Deborahport,Ohio,United States,06-01-2025,Other,47
273,Pamela Gonzalez,ryansean@example.net,286-737-5998,New Danielleshire,,Japan,03-03-2025,Male,55
274,Dustin Bell,fsawyer@example.org,001-576-674-266,Hernandezchester,California,United States,17-09-2024,Female,49
275,Tyler Avila,smithdanielle@example.com,(628)979-2326x4,Mcneilhaven,,United Kingdom,06-07-2026,Other,61
276,Martin Fields,valdezpatricia@example.com,(773)901-4719,Walkertown,,Canada,31-01-2024,Other,18
277,Jacqueline Quinn,brucefrancisco@example.org,(857)725-2045,Oneillfort,,India,23-06-2026,Female,26
278,Catherine Davis,amybrennan@example.net,945-818-9520x28,West Kellyland,,India,17-02-2025,Other,41
279,Daniel Lopez,butlersabrina@example.org,(707)454-5279,Samanthaburgh,,France,07-12-2023,Female,20
280,Brenda Perez,jasonzavala@example.com,001-211-907-603,Anthonyville,Michigan,United States,13-04-2024,Other,30
281,Rachel Mora,brianagonzalez@example.net,(301)324-9552x8,West Bradleyport,Illinois,United States,31-07-2025,Male,42
282,Paul Smith,glasssamantha@example.net,859.327.1256x63,New Jayborough,,Canada,12-06-2026,Other,35
283,Isaiah Roberts DDS,murphydarrell@example.com,794.473.8646x31,Davidville,,India,24-02-2025,Other,61
284,Megan Wilson,lmorales@example.org,001-621-653-539,Lake Travisville,,Australia,15-10-2024,Male,24
285,Brittany Gibson,kingtyler@example.net,(701)401-7026,Kellyfurt,Pennsylvania,United States,07-07-2026,Other,41
286,Kelly Vasquez,qharris@example.com,784.885.8800x61,Christyville,,France,07-11-2025,Male,56
287,Peggy Dyer,travistaylor@example.net,(271)897-8897x7,Stevenston,,Canada,24-02-2024,Other,20
288,William Flores,garzadavid@example.com,(590)556-1655x6,Troyfurt,New York,United States,07-06-2025,Other,39
289,Sheila Wilson,andrewnguyen@example.com,-5233,Lake Larry,,France,18-11-2023,Other,47
290,Pamela Morgan,michael63@example.com,-5100,Garciaborough,North Carolina,United States,12-08-2024,Male,38
291,Robert Pearson,william46@example.net,-5705,Carloshaven,,Brazil,07-01-2025,Female,28
292,Teresa Adams,umichael@example.net,8838572324,New Victor,Michigan,United States,24-07-2025,Other,71
293,Debra Mitchell,jonathanburke@example.com,812.830.3477,Michelleland,Pennsylvania,United States,25-06-2025,Other,71
294,Diana Pierce,stuarttodd@example.org,8154941651,East Erikberg,,Canada,20-09-2023,Female,63
295,Matthew Carpenter,tyler13@example.net,355-496-3632,North Ashley,,United Kingdom,03-02-2025,Female,70
296,Katherine Brooks,stewartrodney@example.net,242.257.5409,West Scott,Pennsylvania,United States,17-05-2024,Other,25
297,Heidi Burnett,nicholsjoel@example.com,(206)644-1343x2,West Angela,,Mexico,14-07-2024,Other,37
298,Ryan Love,hollowayholly@example.net,456-998-5700,Port Kimberlyfort,,France,03-01-2025,Other,62
299,Bradley Moore,melaniejennings@example.com,472.842.9543x16,North Richard,,Australia,19-06-2025,Other,48
300,Tammy Holland,rebeccamccann@example.org,320-269-6942x15,Duffyshire,Michigan,United States,15-04-2024,Other,32
301,Danny Harris DVM,keith76@example.org,(939)534-3626x2,Ayalamouth,,Germany,17-01-2026,Other,48
302,Seth Mccann,tmcdaniel@example.com,001-769-241-180,Brandimouth,Michigan,United States,19-11-2023,Female,27
303,Jacob Donaldson,carpenterjorge@example.net,457.921.5862x41,West Williamfurt,,India,07-07-2024,Male,20
304,Lisa Juarez,zachary62@example.com,001-672-487-032,Juliechester,,United Kingdom,16-06-2024,Other,25
305,Michael Washington,urodriguez@example.org,551-234-2284,Grahamfort,Georgia,United States,02-10-2023,Female,44
306,Mr. Gary Mitchell DVM,longbrittany@example.org,720-417-7749x05,South Samantha,Florida,United States,08-05-2024,Female,50
307,Anthony Jones,qdavis@example.org,461.303.2664,Port Brandon,,France,06-07-2025,Female,72
308,Stephanie Munoz,elizabeth58@example.org,876.874.9961x65,Travischester,,Germany,12-10-2025,Male,63
309,Michelle Arias,robertssamuel@example.com,322-843-8649x08,North Williammouth,Florida,United States,10-08-2025,Other,38
310,Kevin Mack,wilsondorothy@example.org,(960)616-4597,Davisshire,,Mexico,02-01-2026,Female,51
311,William Green,hamiltonandrew@example.com,702-877-6974,Tammyburgh,New York,United States,31-03-2024,Female,52
312,Alan Waller,clarkdeborah@example.net,868.231.4727,Christopherberg,Pennsylvania,United States,03-09-2023,Other,67
313,Scott Richards,kennethgallegos@example.com,6502166799,East Rachelmouth,,India,12-06-2026,Other,59
314,Meghan Velasquez,dhall@example.net,3699581467,Rosshaven,,France,11-05-2025,Female,57
315,Corey Cooper,williammatthews@example.net,997-424-6657x29,Shanechester,,Canada,11-09-2023,Male,35
316,Terri Snyder,jasonwilliams@example.org,(545)322-8015x6,East Eric,,United Kingdom,25-01-2025,Male,37
317,Anthony Rich,paula89@example.net,207-371-1991,South Jonathan,,France,16-08-2024,Other,31
318,Nicholas Erickson,goconnor@example.org,-4535,Lake David,,Germany,25-03-2024,Female,38
319,Brittany Molina,icobb@example.com,(867)485-0720x8,Nathanchester,,Canada,07-09-2024,Other,68
320,Stephanie Brown,robert84@example.net,001-955-704-892,Brownton,,Germany,23-07-2025,Female,25
321,Jean Higgins,abigailfernandez@example.org,688-548-5200,Roweport,,United Kingdom,17-11-2023,Other,42
322,Jake Sims,david17@example.com,001-507-753-998,Jessicahaven,,Brazil,15-12-2023,Female,70
323,Kelly Wright,zachary35@example.com,926-561-1062,Justinshire,New York,United States,05-08-2025,Female,20
324,Peggy Wiggins,cfields@example.net,962.928.2772x88,Millerhaven,Texas,United States,22-10-2024,Female,46
325,Lindsay Ortiz,woodkeith@example.net,(415)445-4470,Lake Ericside,,Australia,16-09-2024,Other,48
326,Robert Burns,kelleycarlos@example.org,(979)949-7567x9,Williamsport,North Carolina,United States,24-03-2026,Female,53
327,Loretta Hughes,cmorgan@example.net,241.520.9481x81,Port Jessica,,Germany,23-11-2023,Male,24
328,Catherine Smith,johnthornton@example.net,418.895.6907x05,Shawtown,,Australia,26-12-2023,Other,33
329,Brett Jackson,iantate@example.org,462-809-5200x46,Port Allisonfurt,North Carolina,United States,20-05-2024,Male,58
330,Kyle Young,ravery@example.org,578-461-7063x04,Jonathanville,Texas,United States,14-10-2023,Female,39
331,Christina Faulkner,amber23@example.net,(687)800-7942x0,Ashleymouth,,Germany,17-11-2023,Male,61
332,Amber Stevenson,turnerrandall@example.org,(684)963-9855,Meganborough,,France,04-05-2025,Male,53
333,Kyle Smith,deborahsmith@example.com,3022687681,Johnmouth,,Mexico,18-08-2024,Male,44
334,Kyle Hughes,martinezmitchell@example.org,903.704.5319x43,Chambersstad,,Australia,21-06-2026,Female,48
335,Miss Ashley Ramirez,mjackson@example.net,001-699-592-192,West Trevorborough,,Australia,27-08-2023,Female,38
336,April Simmons,nashmarcus@example.com,918-777-5803x04,Lake Ericaview,California,United States,14-08-2025,Male,59
337,Wanda Perez,prosario@example.org,(754)611-0760,South Jamesland,,United Kingdom,15-03-2026,Other,65
338,Samantha Stone,sherryparsons@example.net,217.991.1006x51,North Thomas,,Germany,07-06-2026,Male,29
339,Kristin Phillips,nmorales@example.com,399.707.6769,West Cherylchester,New York,United States,29-10-2023,Male,71
340,Kurt Jones,rebeccamartinez@example.net,656-879-7232x00,South Zacharyshire,Georgia,United States,12-03-2024,Male,65
341,Eric Cooper,tara89@example.net,-9522,Larryside,,Japan,23-11-2025,Female,20
342,Gabriela Evans,francis70@example.com,703.837.9337,Greenemouth,Michigan,United States,13-02-2026,Other,24
343,Benjamin Johnson,thomasscott@example.net,001-650-403-342,South Jack,,Brazil,10-07-2026,Female,36
344,Ryan Lozano,deckerderrick@example.net,853-347-3552,Melaniebury,,Canada,26-02-2024,Other,52
345,James Brooks,prowland@example.org,001-999-538-425,East Nicoleberg,,United Kingdom,14-12-2025,Male,72
346,Stephen Potter,victor72@example.com,001-558-577-749,Port Thomasland,,Canada,14-02-2024,Female,30
347,James Moore,jonathan12@example.org,978-853-9078x95,Royfurt,,France,09-04-2024,Female,28
348,Christopher Hall,howardchristopher@example.net,781.643.1115x08,Richardsonfort,,Germany,22-07-2024,Other,34
349,Brenda Wyatt,alan44@example.com,(969)907-8263x3,Julieview,,Germany,10-03-2024,Male,65
350,Tom Butler,jcole@example.org,(829)624-0755x3,Latoyamouth,Illinois,United States,06-02-2026,Other,61
351,Brittany Cisneros,ashley99@example.net,(663)361-8637x1,Brendashire,,France,04-12-2025,Male,57
352,Lindsey Johnson,chadmccarty@example.com,234.481.7058,North Emily,,India,25-02-2024,Female,70
353,Betty Barnes PhD,nfriedman@example.org,546.972.9949,Michelechester,,Canada,09-10-2024,Female,23
354,Lisa Wright,renee77@example.com,001-401-847-546,Jamesberg,Texas,United States,07-12-2024,Male,26
355,Thomas White,longsonya@example.org,(348)741-3768,East Rachel,,Canada,09-10-2025,Male,18
356,Daniel Williams,jonesheather@example.net,965.963.6004x12,Port Danielmouth,Florida,United States,30-10-2024,Female,66
357,Jessica Ruiz,mckenzie20@example.net,624-418-6210,Jonesside,Pennsylvania,United States,20-07-2025,Female,55
358,Kim Ramos,copelandlisa@example.net,-1762,Howardborough,,Germany,19-09-2025,Male,34
359,Michael Walker,roblesmaria@example.org,001-820-868-155,South Anthonytown,,Australia,13-08-2024,Other,33
360,Matthew Smith,stephenjones@example.com,-4744,East Jasonstad,Texas,United States,29-07-2024,Female,37
361,Melissa Rivera,tiffany71@example.com,2995768389,New Markfurt,North Carolina,United States,11-08-2025,Other,67
362,Nicole Harvey,taylorvictor@example.org,(663)703-9752,New Katherineville,Texas,United States,14-07-2024,Other,36
363,Alexander Bradford,matthew38@example.org,-9255,New Latoyachester,Florida,United States,10-07-2025,Male,26
364,Tara Young,simmonsstuart@example.org,001-933-362-934,East Christopher,,Canada,12-05-2025,Female,65
365,Leon Hamilton,lorileon@example.org,001-966-614-982,Raymondburgh,,Mexico,02-01-2025,Female,44
366,John Moore,adamhensley@example.net,001-257-366-656,Hartfort,,Germany,04-11-2023,Female,66
367,David Gentry,william75@example.net,4666337050,Frederickburgh,,United Kingdom,14-03-2024,Other,70
368,Tiffany Skinner,wilsonchristopher@example.net,(869)618-3626x4,Blackburnberg,Florida,United States,17-05-2024,Other,66
369,Rebecca Olsen,kaitlyn64@example.org,(870)411-6864,Goodwinland,,United Kingdom,14-12-2023,Male,51
370,Mr. Brian Bradley,jacobbrown@example.org,001-334-767-912,West Jacob,,Canada,10-01-2024,Other,41
371,Antonio Walton,ortegakristina@example.org,938-706-9847,New Jimmyfort,Michigan,United States,06-08-2025,Male,21
372,Teresa Ortega,wbishop@example.com,607-562-0918,Rogersmouth,,India,20-07-2026,Other,30
373,April Little,allen50@example.net,573-497-6915x67,Shannonfort,,United Kingdom,18-02-2025,Male,28
374,Kimberly Baxter,peggyfriedman@example.com,-3331,East Tylerland,North Carolina,United States,06-07-2024,Female,25
375,Madeline Vasquez,monica99@example.org,-7457,Lynnville,,Germany,29-07-2025,Other,55
376,Erik James,collinsbrittany@example.org,(965)752-8993x1,Lake Sheri,,Canada,21-04-2025,Other,46
377,Mr. Kyle Thomas DDS,georgekyle@example.net,749-473-7460,Port Sherri,,France,28-01-2026,Female,26
378,Amy Grimes,melissaluna@example.com,-6880,Port Jessica,,Canada,30-12-2025,Female,54
379,Renee Horn,stephen29@example.org,874.823.3305x91,Davismouth,Georgia,United States,29-10-2025,Other,69
380,Anthony Baird,brittney26@example.org,3139674926,North Cody,California,United States,23-06-2026,Female,34
381,Bradley Burns,andrewberry@example.net,341.492.6764x92,Hillmouth,,India,14-09-2024,Other,31
382,Rachel Moreno,stonebrenda@example.net,-10132,Hesstown,,United Kingdom,12-10-2024,Male,45
383,William Hunter,tammy26@example.net,9347084872,North Anna,Texas,United States,12-02-2026,Other,21
384,Robert Young,donaldchase@example.org,(898)339-5429,Catherinehaven,,Brazil,30-03-2024,Male,48
385,David Coleman,amandajones@example.net,235-598-9262x56,Jorgeburgh,Ohio,United States,19-10-2024,Male,67
386,Gary Davis,kimberly23@example.com,6169361128,West Davidville,Ohio,United States,18-08-2025,Female,42
387,Lisa Mosley,louiswalton@example.org,(488)496-7924x0,New Michaelshire,,Canada,27-02-2026,Female,42
388,Vanessa Zimmerman,erikabarnes@example.com,(575)678-4468,Bradleyview,North Carolina,United States,15-10-2023,Male,59
389,Angela Allen,martinbrian@example.net,287-506-8277x88,West Richardmouth,,India,06-02-2026,Male,29
390,Patrick Tapia,lawsontami@example.net,001-783-321-528,Lake Ronaldside,,Mexico,27-10-2025,Female,51
391,Shannon Roberts,ncarter@example.org,001-996-734-807,Robinbury,Florida,United States,22-01-2026,Male,66
392,Jennifer Smith,fvasquez@example.net,826.417.0243x76,Michaeltown,Illinois,United States,26-08-2024,Female,61
393,Charles Burgess,howardmonica@example.org,434-502-6650,Danielmouth,,Germany,19-07-2025,Female,52
394,Jon Maldonado Jr.,vshaw@example.com,(511)202-2580,Moyerview,Florida,United States,24-12-2023,Male,47
395,John Hodges,christinadaniel@example.org,441.543.6371,Russelltown,Illinois,United States,24-11-2024,Male,64
396,Corey Thomas,jensenchristopher@example.org,(668)343-3567x0,East David,,France,20-10-2024,Male,69
397,Steven White,williamsjulie@example.org,374-291-6247x55,Michaelstad,,Australia,16-09-2025,Other,67
398,Leah Jacobs,debraclark@example.com,912-391-0933,West Michael,,Brazil,30-12-2025,Male,33
399,Christina Le MD,robertdawson@example.net,(657)416-1768x8,New Christineport,Texas,United States,01-10-2025,Other,20
400,Cheryl Olsen,gcohen@example.org,(578)468-6694,Brandonshire,,Canada,23-10-2023,Other,63
401,Rachel Gibson,kevin34@example.net,481-623-0834x02,East Ashleyshire,,India,31-08-2025,Male,65
402,Gregory Jacobs,mark84@example.net,(669)445-0053,Lake Tinaborough,Georgia,United States,11-03-2025,Male,52
403,Teresa Aguilar,qbautista@example.net,-4977,Teresaside,California,United States,20-07-2025,Male,50
404,Cody Huffman,ashleyharding@example.org,-4174,Eddiefort,,Mexico,27-11-2023,Male,70
405,Alexandra Garcia,asmith@example.net,3237142900,Garciahaven,,Brazil,13-01-2024,Other,38
406,Elizabeth Mendoza,brianholt@example.net,-9628,East Donaldshire,,United Kingdom,28-03-2026,Other,70
407,Dustin Dorsey,tmcdaniel@example.org,221.431.4519x51,East Andrewchester,Illinois,United States,03-10-2024,Male,60
408,Brittany Contreras,colleen45@example.org,975-341-0225x26,South Alyssa,,United Kingdom,20-05-2025,Female,37
409,Cameron Saunders,luis67@example.net,(595)823-6687x8,New Ronaldview,North Carolina,United States,21-01-2024,Other,65
410,Nicole Warner,michaelharris@example.org,(887)521-0552x4,New Jenniferhaven,,Brazil,27-04-2025,Other,61
411,Michael Thomas,hortonroger@example.org,001-519-317-920,Port Jeffrey,,Canada,24-10-2025,Female,21
412,Patrick Adkins,theodore57@example.net,001-804-812-009,New Mariahchester,,Mexico,26-01-2024,Other,60
413,Michelle Henderson,josephdavis@example.com,(336)990-3628,Spencerview,North Carolina,United States,25-04-2026,Female,62
414,Robert Lucas,josephgarcia@example.com,-3994,Edwardsfurt,New York,United States,17-01-2026,Female,42
415,Kelly Williams,uwilliams@example.org,805-346-8356x52,Lake Sarah,North Carolina,United States,02-05-2024,Female,33
416,Sarah Roberts,faithmiller@example.net,733-922-8898,North Brenda,,India,30-09-2024,Female,72
417,Amanda Marquez,nallen@example.net,329-971-0248,West Kelly,,Germany,14-06-2025,Female,21
418,Jack Davis,jennifermurray@example.com,472-919-7054x66,South Leeport,,United Kingdom,08-02-2024,Female,53
419,Katie Baker,oliverdawn@example.net,880.321.4629,Williammouth,,United Kingdom,21-09-2024,Female,33
420,John Nichols,lrodriguez@example.net,966-536-5155,South Morgan,Pennsylvania,United States,02-08-2025,Other,23
421,John Bowman,ashley96@example.org,(467)330-3064x4,Wilsonmouth,,Brazil,29-09-2023,Female,23
422,Jason Lewis,jack01@example.com,242-535-6778x26,Richardport,,United Kingdom,08-03-2026,Male,21
423,Dr. Natalie Doyle,alexis72@example.com,816-448-0727x91,Lake Elizabethberg,Michigan,United States,30-07-2024,Other,20
424,Laura Smith,allen48@example.org,001-477-966-558,Robinsonborough,,India,31-05-2026,Male,69
425,Jane Bruce,swalters@example.net,311-910-9617,Brooksside,,France,15-05-2025,Other,60
426,Kristen Wilson,wsampson@example.com,(260)253-8444x4,Lake Kellychester,,United Kingdom,01-04-2024,Female,31
427,Frances Haley,zallen@example.org,-4081,East Krystalhaven,,India,10-01-2026,Female,37
428,Jenna Gill,mary25@example.org,310-860-9209,Lake Lauriehaven,,Japan,24-12-2023,Male,31
429,Chelsea Delgado,kennethnichols@example.org,001-364-304-120,Lake Jessicamouth,,Brazil,26-06-2025,Other,25
430,Ryan Durham,peterhenry@example.org,(217)313-6657x2,West Jose,,Germany,28-02-2024,Female,33
431,Abigail Boyd,sara39@example.org,-4502,Victoriafort,,Germany,15-07-2026,Other,31
432,Donald Gonzalez,baileyandrea@example.com,676.486.3423x46,East Christopher,Florida,United States,26-08-2025,Other,38
433,Paul Cabrera,lawsonruben@example.net,(751)872-0849x6,Lake Tony,,France,18-03-2026,Female,47
434,David Lewis,nathan51@example.org,505-337-9538x16,North Hectormouth,,United Kingdom,19-11-2024,Female,37
435,Melanie Graham,james07@example.com,8465117295,Jenniferland,North Carolina,United States,22-04-2025,Female,47
436,Diane Skinner,ijohnson@example.net,7507171644,West Andrewshire,Georgia,United States,08-07-2026,Female,31
437,Edwin Riggs,hallison@example.com,-1054,Millermouth,Ohio,United States,27-01-2025,Male,54
438,Shawna Green,rodriguezstacey@example.org,459-864-2297x12,Lisaside,,India,09-07-2026,Other,27
439,Mary Bray,kendra73@example.org,241-558-3311x70,Barnetthaven,North Carolina,United States,04-03-2025,Other,55
440,Robert Gill,kathleen47@example.net,(581)823-5679,Cardenasborough,,Germany,20-01-2025,Female,27
441,Sergio Wong,stevenrodriguez@example.org,707.624.0787,North Joshua,Florida,United States,11-02-2024,Female,54
442,Jeffrey Cook,gnelson@example.org,-4828,New Christopherchester,,India,02-04-2024,Female,53
443,Andrew Adams,pateljoshua@example.net,001-666-661-347,Lake Johnville,,Australia,10-04-2024,Other,39
444,Melissa Jackson,jacksonmartin@example.com,(407)265-0241,North Jacksonfort,Georgia,United States,15-10-2025,Other,59
445,Kaitlyn Williams,bradleyveronica@example.org,682.721.1457x75,Tarashire,,Germany,21-08-2023,Female,28
446,Joseph Beck,rrodriguez@example.net,001-502-363-257,Smithstad,,Germany,06-07-2024,Female,28
447,Meghan Nolan,harcher@example.org,755-369-6443x09,South Danielle,North Carolina,United States,14-06-2026,Female,29
448,Donna Montes,jho@example.com,-9023,Popeshire,,Brazil,17-06-2026,Other,59
449,Jeffrey Keller,williamsdevin@example.com,782.514.2369x14,Margaretville,,Japan,15-10-2023,Other,20
450,Linda Thompson,ushelton@example.net,(334)626-8344,Hendersonville,,India,28-03-2026,Male,70
451,Anne Rose,william57@example.com,(776)467-0806x1,Gardnerfurt,,Australia,01-12-2025,Male,44
452,Julie Hines,fcombs@example.org,215-591-4975x01,Brianfurt,Florida,United States,01-01-2024,Male,63
453,Michael Phelps,courtney07@example.net,001-331-910-291,New Joy,Florida,United States,28-01-2025,Other,47
454,Jared Mcgrath,meaganpayne@example.net,-3916,Port Williamfurt,Michigan,United States,18-10-2023,Other,60
455,Michael Myers DDS,marshalllisa@example.org,2479196094,Keithville,,Brazil,07-06-2026,Female,60
456,Adam Moore,michaelmccarthy@example.com,812.925.9572x44,West Sydneymouth,,Canada,17-03-2026,Male,52
457,Deanna Wolfe,breanna61@example.org,5233117753,New Jeanette,,United Kingdom,10-02-2025,Male,19
458,Austin Salazar,johnsonkaren@example.com,001-659-902-517,Lake Patricia,,United Kingdom,02-11-2025,Female,52
459,Robert Stokes,christopherjohnson@example.net,330-720-5698,Sheltonbury,,Mexico,21-03-2024,Male,50
460,Kathleen Collier,wmason@example.net,-7287,Lake Jessica,,India,17-04-2026,Other,45
461,Danny Shepard,peter51@example.org,318-993-8984x69,North Victorton,,France,22-05-2025,Male,24
462,George Hubbard,jamesmontoya@example.com,001-903-471-990,Deniseton,,Brazil,14-08-2024,Other,27
463,Marie Reynolds,kimberly30@example.org,8388960870,Jenniferville,Michigan,United States,26-09-2023,Other,34
464,Bruce Gilbert,michael56@example.org,231.290.3689,South Jacqueline,,India,27-03-2025,Female,68
465,Douglas Edwards,whitneyanderson@example.com,611.514.8375x37,Port Brian,Pennsylvania,United States,19-10-2023,Female,47
466,Steven Thornton,nramirez@example.org,934.283.1520x37,Luisside,,United Kingdom,06-02-2025,Other,32
467,Amy Bond,ysimpson@example.com,703.236.2680x40,Joshuafurt,Texas,United States,05-07-2024,Other,72
468,Nicole Peterson,yglenn@example.net,001-401-886-487,Sandraview,,Australia,30-12-2025,Male,23
469,Robert Tapia,lutzkelsey@example.com,796-609-4544x90,Reesebury,Ohio,United States,07-01-2024,Other,48
470,Vincent Castillo,rickyriley@example.org,598-451-7244x47,South Steven,California,United States,30-11-2024,Other,28
471,Andrew Cohen,criley@example.net,001-330-344-058,Port Christine,Ohio,United States,11-10-2023,Other,68
472,Jacob Carson,bjones@example.com,(605)295-5657,Wilsonland,Texas,United States,28-04-2024,Other,20
473,Allison Lynch,william89@example.net,(836)390-2611x3,West Bradley,Michigan,United States,07-05-2026,Female,35
474,Cory Johnston,marklloyd@example.com,775.313.7651,New Thomashaven,Texas,United States,24-02-2025,Other,35
475,Keith Serrano,sarasanchez@example.com,-6136,Denisebury,,Brazil,10-12-2024,Other,60
476,Justin Conrad,martinezaustin@example.com,4218288665,South Alexis,Pennsylvania,United States,26-12-2023,Male,31
477,Gabrielle Franklin,mcknightbrandon@example.net,(476)276-4722x9,Lake Kelly,,United Kingdom,13-08-2024,Other,70
478,Jordan Chapman,halltrevor@example.org,001-788-498-645,Emilymouth,Texas,United States,27-09-2024,Female,28
479,Christine Stone DDS,cory42@example.org,347-573-2449x13,North Lisa,,United Kingdom,11-10-2025,Other,71
480,Kimberly Lee,bwall@example.com,349.367.8274,North Carmen,,India,01-10-2023,Other,52
481,Wendy Dennis,schmittlinda@example.net,315.728.5478,Onealfort,New York,United States,26-05-2024,Other,64
482,Mary Rich,averycourtney@example.org,(496)933-4727,South Craighaven,Pennsylvania,United States,23-07-2024,Male,24
483,Nicole Smith,henrycheryl@example.net,(906)449-6935,Davidland,,Canada,29-05-2026,Male,39
484,Mark Harper MD,colin14@example.com,953.961.2751x56,Maryport,,United Kingdom,01-08-2025,Other,56
485,Stacy Patton,hartmarcus@example.net,966-876-6404x73,Mcdanieltown,Pennsylvania,United States,25-06-2024,Male,58
486,Ashley Donaldson,david80@example.net,5617558108,New Nancy,Georgia,United States,13-03-2025,Female,32
487,Donna Martin,martin38@example.net,200.408.1867,East Mary,Ohio,United States,14-10-2024,Female,29
488,Amanda Brady,irios@example.net,811-518-6008x92,Kevinbury,,Australia,23-06-2025,Other,42
489,Donald Harris,tanya97@example.com,261-936-8474x88,Kristenchester,Michigan,United States,16-02-2025,Female,69
490,Kenneth Johnson,sergiowoods@example.org,-3088,Beanside,Texas,United States,19-09-2025,Male,35
491,Johnny Jenkins,mary05@example.net,001-996-704-387,Millsshire,New York,United States,07-11-2025,Other,42
492,Nancy Quinn,simmonschris@example.org,001-902-481-237,West Steven,Texas,United States,15-01-2025,Male,18
493,Michelle Beard MD,christina59@example.net,(624)983-9589,Rossport,,Japan,23-12-2023,Female,41
494,Sarah Taylor,asmith@example.org,(971)704-3318,Clarkmouth,,France,04-05-2026,Male,26
495,Sophia Cooper,reillyjoshua@example.com,001-345-496-488,North Colleenburgh,Ohio,United States,30-10-2023,Female,53
496,Robert Matthews,xrivera@example.net,-2954,Lake Javierburgh,,United Kingdom,26-05-2024,Female,24
497,Breanna Aguirre,uortega@example.com,513.486.6675x48,Baxtermouth,Pennsylvania,United States,10-11-2023,Other,23
498,Richard Jennings MD,lpearson@example.org,(575)963-9836x5,Jenniferchester,,United Kingdom,08-04-2025,Female,42
499,Thomas Moon,lawsonarthur@example.com,-5469,Aliciatown,Ohio,United States,05-05-2025,Female,67
500,Samuel Miller,browndana@example.org,818-843-9055x29,North Mikeberg,North Carolina,United States,10-09-2025,Male,54
