Order_ID,Customer_ID,Product_ID,Order_Date,Quantity,Unit_Price,Total_Amount,Order_Status,Payment_Method
1,138,78,2024-06-28,1,78.69,78.69,Completed,Apple Pay
2,401,20,2024-08-25,5,755.46,3777.3,Completed,Google Pay
3,316,51,2024-10-19,1,563.17,563.17,Shipped,Apple Pay
4,412,85,2024-10-09,1,107.93,107.93,Shipped,Google Pay
5,70,77,2024-07-31,5,10.31,51.55,Completed,Debit Card
6,494,102,2025-06-16,1,300.6,300.6,Completed,Google Pay
7,401,63,2024-08-03,1,114.81,114.81,Completed,Credit Card
8,478,145,2024-05-12,6,426.3,2557.8,Completed,Bank Transfer
9,237,182,2024-05-19,3,78.66,235.98,Completed,Apple Pay
10,345,128,2024-03-26,1,247.16,247.16,Completed,Bank Transfer
11,217,97,2024-01-26,2,150.28,300.56,Completed,Bank Transfer
12,215,140,2023-12-14,5,162.72,813.6,Completed,Google Pay
13,341,91,2024-04-17,2,551.71,1103.42,Shipped,Bank Transfer
14,332,103,2025-06-16,1,406.28,406.28,Completed,Credit Card
15,51,67,2024-05-28,3,136.71,410.13,Pending,Google Pay
16,114,115,2024-09-01,2,512.41,1024.82,Pending,Google Pay
17,78,89,2025-06-29,2,537.2,1074.4,Completed,Credit Card
18,426,187,2024-03-28,1,148.95,148.95,Completed,Google Pay
19,248,90,2024-10-28,1,485.39,485.39,Completed,Credit Card
20,154,12,2025-04-09,1,552.24,552.24,Shipped,Credit Card
21,347,43,2025-05-31,3,1454.41,4363.23,Shipped,Debit Card
22,170,144,2024-10-01,2,158.28,316.56,Shipped,Debit Card
23,96,164,2025-01-28,3,72.85,218.55,Completed,Google Pay
24,220,100,2023-10-20,1,294.02,294.02,Pending,Credit Card
25,296,27,2025-04-04,2,748.24,1496.48,Completed,Apple Pay
26,59,68,2025-02-04,5,185.89,929.45,Completed,Google Pay
27,201,151,2024-03-04,1,296.59,296.59,Completed,Bank Transfer
28,362,77,2025-05-26,2,10.31,20.62,Completed,Credit Card
29,123,79,2024-03-07,1,127.74,127.74,Shipped,Debit Card
30,295,99,2024-09-29,2,260.77,521.54,Shipped,Debit Card
31,285,43,2024-11-05,1,1454.41,1454.41,Completed,Google Pay
32,28,92,2025-06-09,2,570.76,1141.52,Completed,Google Pay
33,259,168,2024-11-08,2,57.0,114.0,Completed,Apple Pay
34,86,22,2024-12-14,3,807.79,2423.37,Completed,PayPal
35,116,138,2024-07-11,3,60.88,182.64,Cancelled,Apple Pay
36,282,131,2024-03-04,1,374.52,374.52,Completed,Google Pay
37,422,194,2023-12-21,3,125.92,377.76,Completed,Credit Card
38,377,168,2025-03-13,1,57.0,57.0,Completed,PayPal
39,179,23,2024-10-08,6,1330.63,7983.78,Completed,Debit Card
40,416,189,2024-12-25,1,126.25,126.25,Shipped,Apple Pay
41,85,158,2024-03-26,1,318.85,318.85,Completed,Google Pay
42,180,137,2024-07-06,2,212.33,424.66,Pending,PayPal
43,149,147,2024-06-27,4,400.45,1601.8,Pending,Credit Card
44,70,193,2025-03-29,4,66.99,267.96,Shipped,Debit Card
45,360,34,2024-06-16,3,895.0,2685.0,Cancelled,Bank Transfer
46,202,126,2024-03-28,2,351.48,702.96,Completed,Apple Pay
47,39,163,2025-04-02,3,80.25,240.75,Cancelled,PayPal
48,356,95,2024-10-17,2,381.64,763.28,Cancelled,Bank Transfer
49,48,188,2025-06-18,2,88.35,176.7,Completed,Google Pay
50,204,56,2025-06-16,3,64.14,192.42,Completed,PayPal
51,173,141,2024-12-20,2,318.08,636.16,Completed,Bank Transfer
52,391,13,2023-12-26,2,281.56,563.12,Completed,Credit Card
53,476,41,2024-10-10,1,689.45,689.45,Completed,Bank Transfer
54,466,34,2025-05-11,1,895.0,895.0,Completed,Credit Card
55,336,93,2024-06-16,1,545.5,545.5,Completed,Credit Card
56,203,161,2024-07-22,2,86.21,172.42,Shipped,Credit Card
57,361,25,2023-10-08,2,248.54,497.08,Pending,Apple Pay
58,5,3,2025-02-15,6,73.79,442.74,Completed,Apple Pay
59,37,59,2024-09-07,3,154.11,462.33,Completed,Debit Card
60,196,199,2025-04-10,4,98.66,394.64,Pending,Debit Card
61,36,136,2024-12-13,2,418.48,836.96,Completed,Bank Transfer
62,384,39,2025-05-27,2,1019.84,2039.68,Completed,Credit Card
63,460,26,2024-03-26,1,254.66,254.66,Completed,Apple Pay
64,162,36,2024-06-14,2,344.92,689.84,Shipped,Google Pay
65,370,156,2024-07-09,5,57.91,289.55,Completed,Debit Card
66,266,156,2024-11-15,3,62.26,186.78,Completed,Debit Card
67,254,99,2024-03-03,2,260.77,521.54,Completed,Credit Card
68,185,82,2024-03-20,4,87.14,348.56,Completed,Google Pay
69,350,45,2025-03-19,5,33.16,165.8,Completed,Google Pay
70,35,4,2024-06-24,1,998.76,998.76,Completed,PayPal
71,322,183,2024-11-11,1,73.25,73.25,Completed,Bank Transfer
72,159,21,2024-11-16,1,1194.35,1194.35,Completed,PayPal
73,201,151,2025-01-17,2,270.14,540.28,Cancelled,Debit Card
74,30,63,2024-02-07,2,114.81,229.62,Completed,Bank Transfer
75,380,169,2025-03-08,1,140.46,140.46,Pending,Credit Card
76,84,128,2025-06-10,2,247.16,494.32,Pending,PayPal
77,86,96,2024-03-15,3,211.46,634.38,Completed,Credit Card
78,172,110,2024-06-30,1,378.47,378.47,Shipped,Bank Transfer
79,40,128,2024-10-17,1,247.16,247.16,Shipped,Debit Card
80,189,41,2024-06-19,1,689.45,689.45,Pending,Credit Card
81,117,190,2024-11-15,1,58.02,58.02,Completed,Credit Card
82,242,94,2024-09-07,1,454.78,454.78,Completed,Google Pay
83,412,183,2025-03-08,1,73.25,73.25,Completed,Bank Transfer
84,164,70,2025-04-16,2,144.83,289.66,Completed,Debit Card
85,115,133,2025-06-22,5,316.83,1584.15,Completed,PayPal
86,168,23,2024-12-08,1,1330.63,1330.63,Shipped,PayPal
87,379,160,2024-06-11,1,25.23,25.23,Cancelled,Debit Card
88,376,140,2025-03-18,1,142.1,142.1,Completed,Google Pay
89,178,163,2025-04-22,4,80.25,321.0,Completed,Bank Transfer
90,193,189,2025-03-02,1,126.25,126.25,Completed,Apple Pay
91,252,16,2025-06-18,1,1213.41,1213.41,Completed,Debit Card
92,460,134,2024-09-24,4,354.75,1419.0,Cancelled,Credit Card
93,298,25,2024-11-13,2,292.61,585.22,Shipped,Google Pay
94,150,67,2025-04-27,4,136.71,546.84,Cancelled,PayPal
95,163,116,2024-06-30,1,39.02,39.02,Cancelled,Google Pay
96,56,40,2024-02-26,1,1045.84,1045.84,Cancelled,Debit Card
97,232,79,2024-10-22,4,135.73,542.92,Completed,Bank Transfer
98,357,155,2023-12-19,3,158.33,474.99,Completed,Bank Transfer
99,128,92,2024-09-14,1,570.76,570.76,Completed,Credit Card
100,488,104,2025-04-29,2,588.71,1177.42,Completed,Apple Pay
101,53,36,2024-03-11,1,344.92,344.92,Completed,Debit Card
102,102,103,2024-08-31,2,406.28,812.56,Shipped,Google Pay
103,133,20,2023-11-23,1,755.46,755.46,Completed,Debit Card
104,48,85,2024-03-12,5,101.47,507.35,Completed,Bank Transfer
105,203,128,2023-12-04,2,209.57,419.14,Completed,PayPal
106,144,115,2025-05-11,1,512.41,512.41,Completed,Bank Transfer
107,152,128,2024-09-23,2,211.66,423.32,Completed,Apple Pay
108,103,165,2025-05-12,2,130.68,261.36,Completed,Credit Card
109,196,183,2024-08-24,2,73.25,146.5,Shipped,Google Pay
110,165,100,2024-06-29,1,294.02,294.02,Completed,PayPal
111,30,121,2024-11-26,3,158.6,475.8,Completed,Credit Card
112,127,169,2024-06-10,2,140.46,280.92,Cancelled,Credit Card
113,392,57,2024-12-19,6,196.92,1181.52,Completed,Debit Card
114,122,152,2024-07-30,3,332.71,998.13,Shipped,Credit Card
115,361,180,2024-08-19,2,57.75,115.5,Completed,Google Pay
116,159,45,2024-11-05,1,33.16,33.16,Completed,Credit Card
117,270,123,2023-10-06,4,512.8,2051.2,Completed,PayPal
118,368,46,2025-05-26,3,257.54,772.62,Completed,Debit Card
119,301,181,2025-05-26,3,32.13,96.39,Completed,Credit Card
120,192,181,2025-06-05,1,27.61,27.61,Completed,Debit Card
121,375,112,2025-04-01,5,470.0,2350.0,Completed,Bank Transfer
122,496,144,2025-02-15,3,158.28,474.84,Shipped,Debit Card
123,194,79,2025-03-05,1,120.36,120.36,Pending,Google Pay
124,201,198,2025-06-15,1,103.53,103.53,Shipped,Debit Card
125,328,145,2024-02-24,1,400.94,400.94,Completed,Debit Card
126,326,23,2025-04-14,2,1330.63,2661.26,Completed,Apple Pay
127,6,68,2024-05-19,2,185.89,371.78,Completed,Bank Transfer
128,1,13,2024-09-08,3,281.56,844.68,Completed,Apple Pay
129,452,97,2024-08-19,1,150.28,150.28,Shipped,Bank Transfer
130,389,176,2024-05-30,2,103.75,207.5,Completed,PayPal
131,11,82,2024-06-23,1,87.14,87.14,Completed,Debit Card
132,375,20,2024-12-05,4,677.82,2711.28,Shipped,Apple Pay
133,361,8,2024-10-04,2,705.34,1410.68,Completed,Debit Card
134,28,26,2024-08-07,5,254.66,1273.3,Shipped,Bank Transfer
135,474,187,2024-12-01,2,148.95,297.9,Completed,Credit Card
136,202,147,2024-12-06,2,328.57,657.14,Completed,PayPal
137,422,170,2025-01-13,1,129.54,129.54,Shipped,PayPal
138,42,122,2025-04-24,1,348.35,348.35,Completed,Bank Transfer
139,136,24,2025-01-21,1,262.48,262.48,Completed,Apple Pay
140,23,68,2024-10-09,1,185.89,185.89,Shipped,Credit Card
141,343,89,2025-04-08,1,537.2,537.2,Completed,Google Pay
142,32,100,2025-04-13,1,294.02,294.02,Completed,Google Pay
143,452,61,2024-10-29,1,182.0,182.0,Pending,Credit Card
144,258,147,2025-05-18,3,400.45,1201.35,Shipped,Debit Card
145,62,194,2024-10-14,5,106.72,533.6,Completed,Debit Card
146,22,109,2024-01-31,1,472.01,472.01,Completed,Google Pay
147,133,82,2025-05-23,4,75.85,303.4,Completed,Google Pay
148,167,71,2024-11-21,4,150.45,601.8,Shipped,Google Pay
149,401,108,2024-03-03,1,290.12,290.12,Shipped,Credit Card
150,474,28,2024-12-13,1,115.14,115.14,Completed,PayPal
151,450,106,2024-06-25,2,236.77,473.54,Completed,Credit Card
152,89,71,2024-09-18,2,165.14,330.28,Completed,Credit Card
153,244,69,2025-05-17,1,44.07,44.07,Completed,PayPal
154,144,126,2025-04-30,2,351.48,702.96,Completed,Debit Card
155,154,191,2024-10-11,3,136.27,408.81,Completed,Google Pay
156,331,23,2024-05-03,1,1330.63,1330.63,Cancelled,Apple Pay
157,389,133,2025-05-04,3,359.84,1079.52,Completed,Credit Card
158,160,182,2024-11-14,1,78.66,78.66,Shipped,Credit Card
159,89,50,2025-05-08,1,1165.67,1165.67,Completed,PayPal
160,361,51,2024-07-02,3,646.25,1938.75,Shipped,Credit Card
161,349,8,2024-06-10,2,705.34,1410.68,Completed,Google Pay
162,283,90,2024-08-15,3,485.39,1456.17,Pending,Credit Card
163,146,8,2024-09-09,1,705.34,705.34,Completed,Debit Card
164,210,132,2023-11-20,3,419.65,1258.95,Completed,Apple Pay
165,467,34,2025-01-23,1,895.0,895.0,Completed,Bank Transfer
166,496,182,2025-01-21,1,78.66,78.66,Completed,Debit Card
167,239,78,2025-02-07,1,81.5,81.5,Shipped,PayPal
168,288,166,2024-12-28,1,124.51,124.51,Completed,Credit Card
169,173,71,2025-01-20,1,165.14,165.14,Shipped,PayPal
170,97,39,2024-11-19,1,949.93,949.93,Shipped,Apple Pay
171,339,82,2025-02-08,2,87.14,174.28,Completed,Apple Pay
172,208,100,2025-03-07,2,294.02,588.04,Completed,PayPal
173,372,183,2024-05-28,2,73.25,146.5,Pending,PayPal
174,260,77,2025-04-25,3,10.31,30.93,Completed,PayPal
175,50,121,2024-03-16,1,158.6,158.6,Cancelled,Debit Card
176,485,175,2025-05-18,2,56.07,112.14,Completed,Bank Transfer
177,447,79,2024-09-28,4,146.74,586.96,Shipped,PayPal
178,238,31,2024-10-25,4,1447.6,5790.4,Shipped,Credit Card
179,242,50,2024-11-10,4,1414.14,5656.56,Completed,Apple Pay
180,28,39,2024-03-24,1,1019.84,1019.84,Shipped,Apple Pay
181,74,81,2025-05-02,1,162.86,162.86,Completed,PayPal
182,325,15,2023-10-20,1,506.69,506.69,Completed,Google Pay
183,392,41,2024-11-05,3,620.42,1861.26,Shipped,Apple Pay
184,207,110,2025-06-15,1,320.16,320.16,Completed,Credit Card
185,457,83,2025-03-16,2,75.22,150.44,Cancelled,Debit Card
186,116,178,2025-05-08,1,61.64,61.64,Completed,Debit Card
187,34,12,2024-07-17,1,552.24,552.24,Shipped,Google Pay
188,173,112,2025-05-13,6,470.0,2820.0,Completed,PayPal
189,385,49,2024-04-15,4,147.75,591.0,Completed,Debit Card
190,115,187,2025-06-23,1,131.91,131.91,Completed,PayPal
191,365,167,2025-04-01,1,149.83,149.83,Cancelled,Google Pay
192,320,13,2024-12-28,1,261.48,261.48,Completed,Bank Transfer
193,60,107,2024-10-11,1,529.58,529.58,Pending,Debit Card
194,216,170,2024-02-21,2,129.54,259.08,Completed,Credit Card
195,402,28,2024-11-09,2,115.14,230.28,Completed,Debit Card
196,184,181,2024-09-22,1,32.13,32.13,Completed,Bank Transfer
197,478,124,2024-08-06,1,214.09,214.09,Completed,Google Pay
198,343,127,2024-04-03,1,64.66,64.66,Pending,Bank Transfer
199,52,66,2025-01-22,5,79.27,396.35,Completed,Credit Card
200,417,45,2025-05-07,4,33.16,132.64,Pending,PayPal
201,219,190,2024-03-06,4,58.02,232.08,Completed,Debit Card
202,340,166,2024-04-20,1,124.51,124.51,Shipped,PayPal
203,450,188,2024-02-14,1,88.35,88.35,Completed,PayPal
204,428,99,2025-02-13,1,260.77,260.77,Completed,Credit Card
205,68,179,2025-03-02,6,136.28,817.68,Completed,Apple Pay
206,467,152,2024-11-01,2,332.71,665.42,Shipped,Apple Pay
207,399,92,2025-01-06,4,570.76,2283.04,Completed,Apple Pay
208,472,125,2024-03-03,1,270.91,270.91,Completed,Credit Card
209,361,174,2024-11-23,3,131.66,394.98,Completed,Bank Transfer
210,448,87,2024-11-20,2,56.51,113.02,Completed,Bank Transfer
211,373,64,2024-11-01,2,189.55,379.1,Completed,Google Pay
212,457,157,2024-01-05,1,335.67,335.67,Completed,Debit Card
213,39,193,2024-11-06,1,66.99,66.99,Completed,Google Pay
214,115,141,2025-01-22,1,318.08,318.08,Shipped,Apple Pay
215,46,128,2024-10-13,1,247.16,247.16,Shipped,Credit Card
216,53,104,2024-09-23,2,489.7,979.4,Shipped,Google Pay
217,327,78,2025-05-14,2,91.94,183.88,Completed,PayPal
218,187,14,2025-04-12,3,1484.59,4453.77,Cancelled,Google Pay
219,308,122,2025-02-25,2,315.49,630.98,Completed,PayPal
220,182,163,2025-06-15,1,80.25,80.25,Pending,Credit Card
221,24,43,2024-11-06,3,1454.41,4363.23,Completed,Credit Card
222,131,157,2024-05-09,1,335.67,335.67,Completed,Apple Pay
223,213,12,2025-05-30,3,552.24,1656.72,Cancelled,Apple Pay
224,235,169,2024-12-26,2,140.46,280.92,Completed,Google Pay
225,377,13,2024-12-08,1,281.56,281.56,Completed,Debit Card
226,355,149,2024-04-22,3,208.36,625.08,Shipped,PayPal
227,259,99,2024-09-27,2,260.77,521.54,Completed,PayPal
228,204,88,2025-06-17,2,127.97,255.94,Pending,Bank Transfer
229,263,77,2025-04-24,2,10.31,20.62,Cancelled,Google Pay
230,324,56,2024-05-12,2,64.14,128.28,Completed,Bank Transfer
231,68,182,2025-01-25,2,78.66,157.32,Completed,Bank Transfer
232,60,195,2024-08-19,2,131.59,263.18,Pending,Bank Transfer
233,214,173,2025-03-12,3,22.15,66.45,Completed,Credit Card
234,268,28,2023-11-28,1,115.14,115.14,Completed,PayPal
235,385,42,2025-06-23,2,564.23,1128.46,Completed,Debit Card
236,386,139,2023-12-08,3,285.57,856.71,Cancelled,Google Pay
237,443,58,2025-03-09,2,187.02,374.04,Pending,PayPal
238,355,171,2023-12-27,1,62.81,62.81,Pending,PayPal
239,495,142,2024-01-04,1,147.02,147.02,Completed,Debit Card
240,467,163,2025-02-20,3,80.25,240.75,Shipped,Debit Card
241,398,186,2025-06-15,1,117.37,117.37,Completed,Debit Card
242,377,132,2024-03-09,1,419.65,419.65,Completed,Debit Card
243,83,150,2025-04-25,1,140.17,140.17,Completed,Credit Card
244,79,83,2024-12-30,3,91.67,275.01,Shipped,PayPal
245,252,147,2024-12-06,1,400.45,400.45,Completed,Debit Card
246,490,48,2024-11-21,3,685.03,2055.09,Completed,Credit Card
247,179,57,2025-05-11,2,196.92,393.84,Completed,Debit Card
248,487,193,2025-01-09,2,66.99,133.98,Shipped,Credit Card
249,59,172,2024-08-16,1,25.92,25.92,Shipped,Debit Card
250,469,30,2024-09-08,2,999.82,1999.64,Completed,PayPal
251,264,131,2024-10-12,1,374.52,374.52,Completed,PayPal
252,264,22,2025-06-08,1,807.79,807.79,Completed,Google Pay
253,4,161,2024-01-17,3,86.21,258.63,Completed,Credit Card
254,106,138,2025-04-17,4,60.88,243.52,Completed,Bank Transfer
255,419,19,2025-03-11,1,1349.79,1349.79,Completed,Credit Card
256,45,19,2024-01-05,2,1349.79,2699.58,Completed,PayPal
257,209,100,2024-10-15,1,294.02,294.02,Completed,Bank Transfer
258,61,137,2023-10-23,3,194.7,584.1,Completed,Bank Transfer
259,435,19,2024-08-23,2,1349.79,2699.58,Pending,PayPal
260,311,23,2024-07-07,4,1330.63,5322.52,Shipped,Credit Card
261,243,41,2024-11-28,1,689.45,689.45,Completed,PayPal
262,492,163,2024-03-30,2,80.25,160.5,Cancelled,Bank Transfer
263,192,3,2024-12-08,2,60.56,121.12,Shipped,Apple Pay
264,276,141,2025-06-07,1,318.08,318.08,Pending,PayPal
265,109,106,2025-05-21,4,199.81,799.24,Shipped,PayPal
266,100,30,2024-04-28,3,999.82,2999.46,Cancelled,Google Pay
267,237,166,2024-12-06,1,103.69,103.69,Pending,Google Pay
268,250,85,2024-08-22,2,107.93,215.86,Completed,Google Pay
269,36,50,2024-07-29,2,1414.14,2828.28,Completed,Bank Transfer
270,300,40,2024-12-14,1,1206.86,1206.86,Completed,Debit Card
271,3,81,2024-06-13,1,188.66,188.66,Completed,PayPal
272,431,93,2024-03-22,3,545.5,1636.5,Completed,Apple Pay
273,184,199,2024-07-22,2,88.68,177.36,Completed,Debit Card
274,457,138,2024-05-09,3,60.88,182.64,Cancelled,Credit Card
275,457,5,2025-04-26,2,1219.85,2439.7,Shipped,Apple Pay
276,394,152,2024-05-21,1,332.71,332.71,Completed,Apple Pay
277,335,199,2024-04-03,1,98.66,98.66,Shipped,Bank Transfer
278,439,75,2024-03-21,2,26.53,53.06,Completed,Bank Transfer
279,123,158,2025-02-10,1,284.93,284.93,Shipped,Bank Transfer
280,447,38,2025-03-06,2,998.69,1997.38,Completed,Apple Pay
281,119,17,2024-06-25,1,342.55,342.55,Completed,PayPal
282,199,121,2025-05-26,4,143.42,573.68,Completed,Bank Transfer
283,380,68,2024-12-21,2,185.89,371.78,Completed,PayPal
284,301,168,2025-05-18,1,57.0,57.0,Completed,Google Pay
285,208,91,2025-04-12,1,551.71,551.71,Shipped,Credit Card
286,257,36,2024-10-09,1,344.92,344.92,Completed,Debit Card
287,77,48,2024-04-09,2,769.18,1538.36,Shipped,Debit Card
288,213,85,2025-02-27,2,107.93,215.86,Completed,Bank Transfer
289,427,106,2023-11-24,1,236.77,236.77,Completed,Debit Card
290,323,132,2023-12-17,2,358.2,716.4,Completed,Google Pay
291,491,104,2024-12-31,2,537.81,1075.62,Shipped,PayPal
292,485,22,2024-05-24,2,807.79,1615.58,Completed,Debit Card
293,113,106,2025-01-01,3,236.77,710.31,Shipped,Google Pay
294,136,43,2025-03-01,1,1454.41,1454.41,Shipped,Credit Card
295,118,97,2024-09-08,1,150.28,150.28,Completed,Bank Transfer
296,462,158,2024-12-31,4,318.85,1275.4,Cancelled,Credit Card
297,48,124,2025-01-29,2,201.65,403.3,Pending,Bank Transfer
298,221,134,2024-09-28,4,354.75,1419.0,Completed,Debit Card
299,481,124,2025-03-31,1,214.09,214.09,Cancelled,Bank Transfer
300,295,26,2024-10-01,1,254.66,254.66,Completed,PayPal
301,307,140,2024-09-21,1,162.72,162.72,Completed,Google Pay
302,268,31,2024-11-21,1,1447.6,1447.6,Completed,Apple Pay
303,186,28,2024-04-07,2,115.14,230.28,Completed,Apple Pay
304,290,94,2025-01-06,1,454.78,454.78,Shipped,Google Pay
305,248,46,2024-08-30,2,257.54,515.08,Completed,Google Pay
306,177,199,2025-02-20,4,98.66,394.64,Cancelled,Debit Card
307,229,180,2025-06-08,1,61.22,61.22,Completed,Google Pay
308,200,163,2023-10-22,1,75.46,75.46,Completed,Credit Card
309,33,68,2024-05-27,1,161.72,161.72,Completed,Google Pay
310,336,134,2024-07-10,5,326.57,1632.85,Completed,Bank Transfer
311,254,113,2023-11-03,4,558.39,2233.56,Completed,PayPal
312,100,9,2025-03-28,2,1249.21,2498.42,Shipped,Debit Card
313,346,10,2024-08-24,2,1065.71,2131.42,Completed,PayPal
314,400,103,2024-08-20,1,406.28,406.28,Completed,Credit Card
315,146,186,2025-04-18,4,129.16,516.64,Completed,Debit Card
316,311,50,2024-10-17,1,1191.77,1191.77,Completed,Credit Card
317,287,19,2024-11-12,1,1196.9,1196.9,Completed,Google Pay
318,417,148,2024-06-16,1,244.97,244.97,Completed,Debit Card
319,388,87,2025-06-13,2,56.51,113.02,Shipped,Credit Card
320,247,30,2024-06-21,1,999.82,999.82,Completed,Bank Transfer
321,360,59,2025-04-04,1,179.04,179.04,Completed,Credit Card
322,359,68,2024-06-15,1,185.89,185.89,Completed,Credit Card
323,284,46,2024-10-29,1,257.54,257.54,Completed,Debit Card
324,485,192,2025-02-10,2,111.99,223.98,Cancelled,Debit Card
325,447,68,2024-05-17,1,185.89,185.89,Shipped,PayPal
326,80,28,2024-03-09,1,115.14,115.14,Completed,Google Pay
327,4,196,2025-04-30,5,130.13,650.65,Completed,Google Pay
328,162,127,2025-05-17,4,64.66,258.64,Completed,Apple Pay
329,94,196,2025-05-25,1,130.13,130.13,Shipped,Debit Card
330,28,135,2025-04-04,2,25.88,51.76,Completed,PayPal
331,202,176,2025-03-25,2,92.06,184.12,Completed,Bank Transfer
332,5,4,2025-02-05,1,1082.54,1082.54,Completed,Debit Card
333,281,68,2024-06-07,2,185.89,371.78,Completed,Debit Card
334,256,109,2024-05-19,3,472.01,1416.03,Completed,PayPal
335,231,47,2024-12-17,5,827.02,4135.1,Completed,Bank Transfer
336,139,61,2024-12-09,4,182.0,728.0,Cancelled,Debit Card
337,243,3,2024-04-24,2,73.79,147.58,Shipped,Google Pay
338,274,185,2024-07-28,2,106.01,212.02,Shipped,Credit Card
339,417,66,2024-10-29,2,79.27,158.54,Completed,PayPal
340,185,93,2024-12-11,5,545.5,2727.5,Completed,Apple Pay
341,63,90,2025-05-04,5,485.39,2426.95,Shipped,Bank Transfer
342,333,138,2024-04-23,3,60.88,182.64,Pending,Google Pay
343,250,199,2025-03-07,4,98.66,394.64,Completed,Apple Pay
344,324,38,2025-05-05,2,998.69,1997.38,Completed,Bank Transfer
345,314,147,2024-09-19,4,346.26,1385.04,Completed,PayPal
346,335,75,2025-02-22,1,30.59,30.59,Cancelled,PayPal
347,383,151,2024-11-21,2,276.14,552.28,Completed,Bank Transfer
348,121,170,2024-06-17,3,129.54,388.62,Completed,Debit Card
349,204,27,2024-02-16,2,688.55,1377.1,Completed,Credit Card
350,477,100,2024-07-24,1,294.02,294.02,Shipped,Debit Card
351,68,135,2025-04-22,1,25.88,25.88,Completed,Apple Pay
352,240,139,2025-06-02,2,288.77,577.54,Completed,Debit Card
353,303,153,2024-10-18,3,485.14,1455.42,Completed,Google Pay
354,328,164,2024-11-28,4,72.85,291.4,Completed,Credit Card
355,227,79,2024-08-27,1,146.74,146.74,Completed,Google Pay
356,418,195,2025-04-26,1,131.59,131.59,Completed,Bank Transfer
357,473,126,2025-06-07,2,307.88,615.76,Completed,Google Pay
358,119,2,2024-12-05,1,1024.74,1024.74,Completed,Apple Pay
359,128,42,2025-02-25,3,681.39,2044.17,Completed,Apple Pay
360,321,62,2024-11-19,3,62.56,187.68,Pending,Bank Transfer
361,140,73,2025-01-24,1,76.71,76.71,Completed,Debit Card
362,70,75,2024-03-01,2,30.59,61.18,Pending,Google Pay
363,252,49,2024-07-31,1,147.75,147.75,Completed,Debit Card
364,498,27,2024-07-07,1,748.24,748.24,Completed,Debit Card
365,47,39,2023-11-11,1,1019.84,1019.84,Completed,PayPal
366,238,179,2025-04-01,1,136.28,136.28,Completed,Credit Card
367,137,199,2024-09-12,2,98.66,197.32,Completed,Apple Pay
368,425,4,2024-03-11,3,1082.54,3247.62,Cancelled,Apple Pay
369,127,189,2025-06-27,1,126.25,126.25,Completed,Google Pay
370,341,54,2024-10-27,2,128.01,256.02,Completed,Debit Card
371,323,187,2023-12-21,5,148.95,744.75,Completed,Apple Pay
372,327,77,2024-05-11,4,10.31,41.24,Completed,Credit Card
373,121,163,2024-10-06,1,80.25,80.25,Shipped,Credit Card
374,203,63,2023-10-30,1,114.81,114.81,Completed,Bank Transfer
375,306,40,2024-08-31,1,1003.97,1003.97,Shipped,PayPal
376,331,40,2025-02-18,1,1206.86,1206.86,Shipped,Bank Transfer
377,388,89,2025-04-07,1,537.2,537.2,Pending,Apple Pay
378,184,186,2024-03-22,4,129.16,516.64,Completed,Google Pay
379,96,140,2024-08-17,3,162.72,488.16,Shipped,Google Pay
380,83,18,2024-11-26,1,235.25,235.25,Completed,PayPal
381,233,1,2025-03-25,2,66.76,133.52,Completed,Google Pay
382,439,94,2025-03-25,1,454.78,454.78,Shipped,Google Pay
383,420,100,2024-05-04,2,294.02,588.04,Completed,Google Pay
384,145,83,2024-09-22,1,83.02,83.02,Completed,Debit Card
385,92,9,2024-05-13,2,1117.08,2234.16,Completed,Bank Transfer
386,251,135,2025-01-12,1,25.88,25.88,Pending,Credit Card
387,7,54,2025-01-28,3,128.01,384.03,Shipped,Credit Card
388,185,143,2025-03-10,4,95.13,380.52,Pending,Credit Card
389,422,158,2024-06-26,1,274.05,274.05,Completed,Google Pay
390,50,26,2025-03-01,2,254.66,509.32,Completed,Bank Transfer
391,384,143,2024-09-25,1,95.13,95.13,Completed,Bank Transfer
392,235,180,2025-02-01,1,61.22,61.22,Completed,Google Pay
393,173,169,2024-04-10,6,140.46,842.76,Completed,PayPal
394,282,84,2025-04-24,1,138.36,138.36,Pending,PayPal
395,312,62,2024-12-13,1,62.56,62.56,Cancelled,PayPal
396,185,116,2024-10-13,1,39.02,39.02,Completed,Google Pay
397,9,133,2024-03-22,4,341.12,1364.48,Completed,PayPal
398,12,198,2025-04-14,2,103.53,207.06,Shipped,Google Pay
399,285,147,2025-05-29,1,346.88,346.88,Completed,PayPal
400,188,150,2024-06-16,1,140.17,140.17,Shipped,Apple Pay
401,292,56,2025-03-06,3,64.14,192.42,Completed,Apple Pay
402,423,177,2025-02-19,1,95.67,95.67,Completed,Bank Transfer
403,414,148,2024-09-06,3,244.97,734.91,Completed,PayPal
404,451,112,2024-09-26,4,470.0,1880.0,Completed,Bank Transfer
405,335,155,2025-05-31,2,158.33,316.66,Completed,PayPal
406,269,11,2024-07-30,2,1303.72,2607.44,Pending,Debit Card
407,79,13,2025-02-05,5,281.56,1407.8,Shipped,Google Pay
408,47,57,2024-10-04,3,170.08,510.24,Completed,Google Pay
409,382,13,2024-12-05,1,281.56,281.56,Completed,Bank Transfer
410,67,196,2024-03-22,2,130.13,260.26,Shipped,Google Pay
411,101,144,2025-01-08,1,145.77,145.77,Completed,Bank Transfer
412,474,148,2024-02-11,1,244.97,244.97,Completed,PayPal
413,305,168,2023-11-27,1,57.0,57.0,Shipped,Apple Pay
414,320,38,2024-10-09,4,998.69,3994.76,Pending,PayPal
415,80,194,2025-03-03,1,125.92,125.92,Completed,Google Pay
416,475,38,2025-05-05,3,909.0,2727.0,Completed,PayPal
417,231,121,2023-11-24,1,158.6,158.6,Completed,Google Pay
418,268,193,2024-06-22,2,66.99,133.98,Completed,Bank Transfer
419,358,172,2023-11-17,2,25.92,51.84,Completed,PayPal
420,88,16,2024-07-08,3,1213.41,3640.23,Completed,Apple Pay
421,336,3,2024-01-18,2,73.79,147.58,Completed,Credit Card
422,10,75,2025-05-04,2,30.59,61.18,Completed,Google Pay
423,364,26,2025-05-20,2,254.66,509.32,Completed,Debit Card
424,102,129,2025-06-16,2,188.86,377.72,Completed,Debit Card
425,473,136,2024-07-21,2,483.43,966.86,Completed,PayPal
426,351,91,2024-08-21,1,551.71,551.71,Completed,PayPal
427,416,16,2025-01-13,4,1213.41,4853.64,Completed,Google Pay
428,486,72,2024-05-30,1,135.4,135.4,Completed,Credit Card
429,374,98,2024-11-21,2,208.56,417.12,Pending,Debit Card
430,214,62,2024-12-18,1,62.56,62.56,Shipped,PayPal
431,230,139,2024-03-20,2,306.13,612.26,Pending,Debit Card
432,442,36,2024-07-24,3,344.92,1034.76,Completed,Apple Pay
433,466,198,2024-03-31,5,103.53,517.65,Completed,Credit Card
434,286,137,2025-06-08,1,212.33,212.33,Completed,Bank Transfer
435,16,196,2024-07-30,5,130.13,650.65,Completed,Apple Pay
436,382,164,2025-06-01,1,72.85,72.85,Completed,Debit Card
437,95,7,2025-03-18,2,172.16,344.32,Shipped,Google Pay
438,119,153,2024-06-04,2,485.14,970.28,Pending,Apple Pay
439,69,129,2025-04-25,2,188.86,377.72,Completed,Apple Pay
440,252,122,2024-03-24,1,320.27,320.27,Completed,PayPal
441,487,106,2024-05-28,2,236.77,473.54,Completed,Credit Card
442,91,113,2025-05-04,2,558.39,1116.78,Completed,Debit Card
443,219,104,2025-03-25,2,588.71,1177.42,Pending,PayPal
444,202,157,2025-06-04,2,335.67,671.34,Shipped,Bank Transfer
445,403,10,2024-11-21,2,1065.71,2131.42,Completed,Debit Card
446,266,138,2024-09-14,3,60.88,182.64,Completed,Bank Transfer
447,493,13,2024-05-04,1,281.56,281.56,Cancelled,PayPal
448,237,43,2024-09-29,2,1290.36,2580.72,Completed,Apple Pay
449,425,166,2024-10-15,3,114.7,344.1,Pending,Google Pay
450,70,101,2024-09-24,2,481.19,962.38,Pending,Debit Card
451,333,183,2025-04-03,3,61.15,183.45,Completed,Bank Transfer
452,186,22,2024-11-23,1,807.79,807.79,Completed,Google Pay
453,487,41,2024-09-04,1,689.45,689.45,Completed,Google Pay
454,447,169,2025-05-02,1,129.22,129.22,Completed,Apple Pay
455,158,80,2025-03-04,5,142.46,712.3,Completed,Credit Card
456,461,34,2025-06-13,1,895.0,895.0,Completed,Apple Pay
457,255,128,2024-12-03,1,247.16,247.16,Completed,Debit Card
458,302,169,2024-10-28,1,126.13,126.13,Completed,Google Pay
459,143,159,2025-01-14,1,148.18,148.18,Completed,Bank Transfer
460,179,10,2024-03-31,1,1065.71,1065.71,Shipped,PayPal
461,170,23,2023-12-30,1,1207.38,1207.38,Shipped,Bank Transfer
462,355,180,2024-12-29,3,53.82,161.46,Shipped,PayPal
463,189,98,2025-04-13,3,208.56,625.68,Completed,PayPal
464,242,35,2024-03-11,4,1293.65,5174.6,Completed,Google Pay
465,108,179,2024-05-18,1,136.28,136.28,Shipped,Google Pay
466,45,124,2025-03-01,2,214.09,428.18,Pending,PayPal
467,219,156,2025-04-26,1,62.26,62.26,Shipped,PayPal
468,475,34,2025-01-07,3,895.0,2685.0,Completed,Google Pay
469,120,182,2024-07-12,1,69.26,69.26,Completed,Bank Transfer
470,435,54,2025-04-04,6,128.01,768.06,Completed,PayPal
471,287,164,2024-05-21,2,72.85,145.7,Completed,Credit Card
472,158,77,2024-11-14,1,9.37,9.37,Completed,Apple Pay
473,90,50,2024-08-06,1,1414.14,1414.14,Completed,Credit Card
474,331,35,2024-10-31,2,1293.65,2587.3,Completed,PayPal
475,237,106,2025-05-30,1,236.77,236.77,Shipped,Bank Transfer
476,348,81,2024-12-09,1,188.66,188.66,Completed,PayPal
477,34,39,2024-07-06,1,1019.84,1019.84,Shipped,Google Pay
478,432,43,2024-12-17,1,1454.41,1454.41,Cancelled,PayPal
479,45,128,2025-05-08,1,247.16,247.16,Completed,Debit Card
480,269,78,2024-04-23,1,77.81,77.81,Completed,Apple Pay
481,260,7,2025-04-04,4,148.78,595.12,Completed,Bank Transfer
482,448,135,2024-07-25,1,25.88,25.88,Completed,Google Pay
483,347,34,2024-05-16,1,895.0,895.0,Completed,Credit Card
484,3,80,2025-06-01,2,142.46,284.92,Completed,PayPal
485,240,12,2024-02-23,3,507.29,1521.87,Shipped,Debit Card
486,165,52,2024-05-06,1,1014.49,1014.49,Completed,Bank Transfer
487,61,70,2024-04-03,1,143.79,143.79,Completed,Credit Card
488,106,139,2024-08-18,1,279.06,279.06,Completed,Google Pay
489,126,44,2024-01-23,1,737.59,737.59,Completed,Credit Card
490,242,173,2023-12-31,1,19.29,19.29,Pending,Google Pay
491,457,152,2025-01-15,1,332.71,332.71,Completed,Debit Card
492,366,195,2025-02-04,5,131.59,657.95,Completed,Google Pay
493,68,24,2025-04-10,4,262.48,1049.92,Completed,PayPal
494,351,165,2025-02-22,1,130.68,130.68,Shipped,PayPal
495,468,94,2024-09-12,2,454.78,909.56,Completed,Apple Pay
496,246,119,2025-04-25,1,444.26,444.26,Shipped,Debit Card
497,261,27,2024-09-20,3,667.65,2002.95,Completed,PayPal
498,273,119,2024-09-17,1,444.26,444.26,Shipped,Debit Card
499,499,124,2024-09-07,1,214.09,214.09,Shipped,Apple Pay
500,402,112,2024-12-15,1,470.0,470.0,Completed,Bank Transfer
501,343,20,2025-03-08,3,755.46,2266.38,Completed,Google Pay
502,306,119,2024-08-03,1,444.26,444.26,Completed,Apple Pay
503,36,154,2024-02-29,3,341.65,1024.95,Completed,Bank Transfer
504,339,16,2024-02-12,4,1213.41,4853.64,Shipped,Credit Card
505,388,38,2025-01-30,1,998.69,998.69,Completed,Debit Card
506,106,175,2025-05-09,1,56.07,56.07,Pending,PayPal
507,471,112,2025-02-26,6,470.0,2820.0,Shipped,Google Pay
508,207,33,2025-04-28,1,394.41,394.41,Completed,Credit Card
509,361,144,2025-04-14,1,158.28,158.28,Completed,Debit Card
510,222,180,2024-12-26,2,61.22,122.44,Completed,Apple Pay
511,223,140,2024-05-20,1,145.18,145.18,Completed,Apple Pay
512,79,74,2025-06-28,2,26.46,52.92,Completed,Debit Card
513,370,125,2025-01-29,1,293.36,293.36,Completed,Bank Transfer
514,310,109,2025-01-12,1,472.01,472.01,Completed,PayPal
515,116,48,2024-09-30,1,769.18,769.18,Cancelled,Debit Card
516,365,129,2024-06-29,4,188.86,755.44,Completed,Credit Card
517,247,177,2024-02-01,2,95.67,191.34,Cancelled,PayPal
518,239,133,2024-01-31,1,359.84,359.84,Cancelled,Bank Transfer
519,492,172,2024-01-30,3,25.92,77.76,Completed,PayPal
520,274,3,2024-10-25,2,73.79,147.58,Cancelled,PayPal
521,216,91,2025-06-13,3,551.71,1655.13,Completed,Bank Transfer
522,473,153,2025-03-12,3,485.14,1455.42,Completed,Bank Transfer
523,243,149,2024-04-19,1,230.11,230.11,Cancelled,Google Pay
524,14,74,2024-11-02,1,29.41,29.41,Completed,Debit Card
525,316,72,2024-07-02,1,135.4,135.4,Shipped,Debit Card
526,466,152,2025-03-08,2,332.71,665.42,Completed,PayPal
527,401,180,2024-06-06,1,61.22,61.22,Completed,PayPal
528,44,38,2024-12-29,3,998.69,2996.07,Cancelled,Apple Pay
529,395,99,2024-06-08,1,260.77,260.77,Completed,Google Pay
530,420,30,2024-01-03,2,999.82,1999.64,Cancelled,Google Pay
531,120,98,2025-02-10,1,208.56,208.56,Completed,Credit Card
532,148,115,2024-09-06,1,512.41,512.41,Completed,Credit Card
533,470,137,2025-01-19,1,212.33,212.33,Completed,PayPal
534,139,69,2025-04-05,1,44.07,44.07,Completed,Bank Transfer
535,384,62,2025-03-06,2,62.56,125.12,Completed,Bank Transfer
536,354,47,2024-07-27,1,685.46,685.46,Completed,Credit Card
537,269,27,2025-02-11,3,748.24,2244.72,Completed,Credit Card
538,318,24,2024-01-08,4,262.48,1049.92,Shipped,Bank Transfer
539,63,182,2025-06-12,1,78.66,78.66,Completed,Bank Transfer
540,392,166,2024-12-14,5,124.51,622.55,Pending,Debit Card
541,130,76,2024-10-24,5,83.18,415.9,Completed,Apple Pay
542,355,171,2025-03-22,1,52.11,52.11,Cancelled,Credit Card
543,196,100,2024-08-08,1,294.02,294.02,Completed,Debit Card
544,226,18,2024-11-06,4,235.25,941.0,Completed,Bank Transfer
545,252,28,2024-03-30,3,115.14,345.42,Shipped,Credit Card
546,38,19,2024-12-17,1,1349.79,1349.79,Completed,Debit Card
547,335,164,2023-10-07,1,72.85,72.85,Completed,Bank Transfer
548,169,101,2024-12-19,2,536.6,1073.2,Completed,Apple Pay
549,224,104,2025-04-24,3,588.71,1766.13,Completed,Debit Card
550,2,99,2025-06-10,3,260.77,782.31,Shipped,Google Pay
551,479,92,2024-08-08,1,542.0,542.0,Shipped,Credit Card
552,188,137,2025-04-28,1,212.33,212.33,Cancelled,PayPal
553,332,52,2024-04-24,1,1014.49,1014.49,Completed,PayPal
554,357,100,2025-05-17,2,294.02,588.04,Completed,Bank Transfer
555,225,189,2024-05-04,1,119.88,119.88,Completed,Apple Pay
556,200,17,2025-04-01,2,342.55,685.1,Completed,Credit Card
557,19,87,2024-01-07,1,52.27,52.27,Pending,Google Pay
558,235,174,2025-05-05,2,131.66,263.32,Completed,Credit Card
559,19,189,2024-03-28,2,126.25,252.5,Shipped,Credit Card
560,324,13,2025-05-20,3,253.25,759.75,Shipped,Credit Card
561,419,28,2024-03-04,2,115.14,230.28,Completed,Debit Card
562,219,87,2025-04-10,6,56.51,339.06,Completed,Credit Card
563,500,176,2024-12-19,1,103.75,103.75,Completed,Credit Card
564,304,45,2024-08-09,1,28.98,28.98,Pending,PayPal
565,284,43,2024-10-08,4,1211.52,4846.08,Shipped,Google Pay
566,193,41,2023-11-13,2,581.43,1162.86,Completed,Bank Transfer
567,334,152,2025-05-13,1,332.71,332.71,Cancelled,Apple Pay
568,355,33,2024-05-16,2,394.41,788.82,Completed,Debit Card
569,93,184,2024-11-10,5,85.61,428.05,Completed,PayPal
570,215,2,2024-12-10,1,1024.74,1024.74,Completed,Google Pay
571,186,195,2025-06-24,2,131.59,263.18,Shipped,Bank Transfer
572,77,176,2025-04-24,4,103.75,415.0,Completed,Bank Transfer
573,473,12,2024-01-04,1,552.24,552.24,Shipped,Apple Pay
574,23,27,2025-03-08,4,689.96,2759.84,Completed,Google Pay
575,60,19,2025-05-16,3,1349.79,4049.37,Completed,Apple Pay
576,399,29,2024-08-04,1,1229.54,1229.54,Completed,Apple Pay
577,457,57,2024-01-26,1,196.92,196.92,Completed,Google Pay
578,233,46,2024-09-09,1,257.54,257.54,Shipped,PayPal
579,500,70,2024-05-13,1,159.59,159.59,Completed,PayPal
580,70,29,2025-04-27,2,1063.14,2126.28,Completed,Google Pay
581,81,164,2025-06-10,4,72.85,291.4,Shipped,Debit Card
582,45,106,2025-04-30,2,236.77,473.54,Shipped,Apple Pay
583,429,119,2024-07-05,3,444.26,1332.78,Completed,Debit Card
584,168,112,2024-12-21,4,470.0,1880.0,Completed,Google Pay
585,460,2,2024-09-26,1,1024.74,1024.74,Cancelled,Google Pay
586,18,109,2024-11-26,2,472.01,944.02,Completed,Apple Pay
587,254,62,2024-02-04,2,62.56,125.12,Completed,Debit Card
588,184,76,2024-06-08,6,75.44,452.64,Completed,Bank Transfer
589,236,147,2025-03-11,1,400.45,400.45,Cancelled,Debit Card
590,448,181,2024-09-19,3,32.13,96.39,Completed,Bank Transfer
591,325,1,2025-05-01,1,66.76,66.76,Completed,Google Pay
592,17,76,2024-10-01,1,83.18,83.18,Completed,Google Pay
593,407,54,2025-03-30,1,128.01,128.01,Cancelled,Credit Card
594,264,173,2024-08-26,1,22.15,22.15,Completed,Google Pay
595,21,94,2024-08-28,2,454.78,909.56,Shipped,Bank Transfer
596,397,53,2024-03-25,1,96.86,96.86,Shipped,Apple Pay
597,378,193,2024-12-21,5,66.99,334.95,Cancelled,Debit Card
598,165,91,2025-05-17,2,551.71,1103.42,Completed,Credit Card
599,191,89,2024-10-16,2,537.2,1074.4,Completed,Bank Transfer
600,273,174,2025-04-16,4,131.66,526.64,Completed,Bank Transfer
601,485,178,2025-04-08,5,65.15,325.75,Completed,Credit Card
602,42,101,2025-05-17,1,536.6,536.6,Completed,Debit Card
603,142,29,2025-02-16,4,1229.54,4918.16,Shipped,Credit Card
604,151,107,2025-06-17,2,458.12,916.24,Completed,Bank Transfer
605,331,6,2024-07-13,1,438.46,438.46,Completed,Google Pay
606,331,86,2024-09-23,1,137.82,137.82,Completed,Apple Pay
607,304,171,2025-02-16,1,62.81,62.81,Completed,PayPal
608,88,67,2024-05-31,1,136.71,136.71,Completed,Debit Card
609,181,73,2024-10-18,1,76.71,76.71,Pending,Google Pay
610,147,47,2025-06-18,3,827.02,2481.06,Pending,Debit Card
611,83,61,2024-03-07,6,182.0,1092.0,Completed,PayPal
612,190,48,2024-05-16,3,769.18,2307.54,Completed,Debit Card
613,191,115,2024-12-01,1,512.41,512.41,Completed,Apple Pay
614,477,128,2025-03-21,5,247.16,1235.8,Completed,Credit Card
615,497,190,2024-12-04,2,58.02,116.04,Completed,Apple Pay
616,459,75,2025-06-17,3,30.59,91.77,Pending,Debit Card
617,410,145,2025-03-03,4,463.47,1853.88,Completed,Bank Transfer
618,246,11,2024-03-26,2,1303.72,2607.44,Completed,Google Pay
619,431,57,2024-10-12,1,177.89,177.89,Shipped,Google Pay
620,114,197,2024-07-04,1,120.27,120.27,Completed,Bank Transfer
621,344,23,2025-06-19,1,1330.63,1330.63,Shipped,Google Pay
622,262,15,2025-05-22,1,471.73,471.73,Completed,Apple Pay
623,191,4,2024-07-09,1,1082.54,1082.54,Shipped,Credit Card
624,111,187,2025-05-13,3,148.95,446.85,Completed,PayPal
625,84,187,2025-06-17,1,148.95,148.95,Completed,Google Pay
626,307,23,2024-03-29,1,1330.63,1330.63,Completed,PayPal
627,34,152,2025-03-16,1,332.71,332.71,Completed,Apple Pay
628,90,143,2024-10-21,2,95.13,190.26,Completed,Debit Card
629,427,98,2024-07-12,2,208.56,417.12,Completed,Google Pay
630,156,127,2024-12-11,2,53.04,106.08,Completed,PayPal
631,490,164,2025-04-20,2,72.85,145.7,Completed,Apple Pay
632,92,126,2025-05-21,2,323.16,646.32,Completed,Credit Card
633,307,191,2024-08-25,2,136.27,272.54,Completed,Bank Transfer
634,352,122,2025-06-19,3,348.35,1045.05,Cancelled,Google Pay
635,9,67,2024-04-14,1,136.71,136.71,Pending,Debit Card
636,183,42,2024-01-03,2,681.39,1362.78,Completed,PayPal
637,100,197,2025-01-14,2,103.67,207.34,Completed,Bank Transfer
638,410,78,2024-06-30,2,91.94,183.88,Completed,Google Pay
639,181,37,2023-11-08,2,387.2,774.4,Completed,Apple Pay
640,114,49,2025-04-02,2,147.75,295.5,Completed,Google Pay
641,365,142,2025-02-19,1,147.02,147.02,Completed,Debit Card
642,473,5,2024-10-30,1,1219.85,1219.85,Completed,Google Pay
643,268,196,2025-06-17,1,130.13,130.13,Cancelled,Credit Card
644,114,33,2025-04-30,1,394.41,394.41,Completed,Debit Card
645,67,21,2024-09-30,3,982.29,2946.87,Completed,Apple Pay
646,22,51,2024-02-28,2,539.92,1079.84,Completed,Credit Card
647,34,78,2025-02-02,3,91.94,275.82,Completed,Google Pay
648,462,52,2024-05-01,1,943.44,943.44,Completed,Google Pay
649,179,91,2024-04-12,2,551.71,1103.42,Completed,Google Pay
650,292,18,2024-02-20,1,235.25,235.25,Completed,PayPal
651,88,194,2024-11-30,5,106.76,533.8,Completed,Bank Transfer
652,345,28,2024-04-28,1,115.14,115.14,Completed,Google Pay
653,117,105,2024-03-03,6,53.48,320.88,Completed,Apple Pay
654,391,93,2025-02-20,1,545.5,545.5,Completed,Apple Pay
655,500,114,2024-05-30,1,59.45,59.45,Completed,Debit Card
656,439,18,2025-05-16,3,235.25,705.75,Completed,Debit Card
657,7,173,2024-11-06,1,22.15,22.15,Shipped,Bank Transfer
658,44,31,2024-03-29,1,1447.6,1447.6,Completed,Bank Transfer
659,474,44,2024-01-16,1,737.59,737.59,Completed,Credit Card
660,120,109,2025-03-01,1,472.01,472.01,Shipped,Google Pay
661,140,194,2025-03-31,2,125.92,251.84,Completed,Bank Transfer
662,309,104,2025-06-24,2,517.54,1035.08,Completed,PayPal
663,251,128,2024-06-03,5,226.38,1131.9,Completed,Apple Pay
664,348,7,2025-06-18,1,172.16,172.16,Completed,PayPal
665,385,134,2025-03-21,3,354.75,1064.25,Shipped,Apple Pay
666,252,130,2024-06-24,1,366.21,366.21,Completed,Credit Card
667,488,196,2023-12-07,1,130.13,130.13,Completed,Apple Pay
668,162,97,2024-10-10,1,136.11,136.11,Cancelled,PayPal
669,453,181,2024-04-15,1,32.13,32.13,Completed,Apple Pay
670,392,29,2024-12-16,2,1229.54,2459.08,Completed,Google Pay
671,241,122,2024-12-12,1,297.57,297.57,Shipped,Apple Pay
672,316,174,2024-08-20,5,131.66,658.3,Completed,Google Pay
673,24,33,2025-04-21,1,394.41,394.41,Completed,Bank Transfer
674,183,106,2024-08-19,2,236.77,473.54,Shipped,PayPal
675,304,22,2025-05-23,1,807.79,807.79,Completed,Debit Card
676,11,138,2024-08-04,2,60.88,121.76,Shipped,Google Pay
677,462,108,2024-06-27,2,290.12,580.24,Completed,Apple Pay
678,293,100,2024-08-01,1,294.02,294.02,Pending,Bank Transfer
679,106,87,2024-11-08,3,56.51,169.53,Completed,Google Pay
680,154,94,2025-06-17,1,454.78,454.78,Completed,Google Pay
681,110,74,2024-06-26,1,31.9,31.9,Completed,Google Pay
682,381,24,2025-02-26,2,262.48,524.96,Shipped,Google Pay
683,244,110,2024-05-19,3,378.47,1135.41,Completed,Google Pay
684,412,77,2024-10-05,2,10.31,20.62,Completed,PayPal
685,320,132,2024-10-16,3,419.65,1258.95,Completed,Bank Transfer
686,361,133,2025-05-02,2,359.84,719.68,Cancelled,Apple Pay
687,138,164,2024-11-27,2,72.85,145.7,Completed,Google Pay
688,237,38,2024-06-09,3,998.69,2996.07,Completed,Apple Pay
689,164,17,2025-01-17,1,342.55,342.55,Completed,PayPal
690,352,154,2024-06-06,1,281.38,281.38,Completed,Apple Pay
691,249,144,2025-06-26,1,158.28,158.28,Completed,Debit Card
692,140,35,2023-12-04,3,1293.65,3880.95,Shipped,Debit Card
693,330,11,2025-06-14,2,1214.74,2429.48,Completed,PayPal
694,309,77,2025-05-04,4,10.31,41.24,Completed,Bank Transfer
695,337,24,2024-09-15,3,262.48,787.44,Completed,Credit Card
696,293,189,2024-11-10,1,126.25,126.25,Shipped,Google Pay
697,129,128,2025-05-12,1,228.59,228.59,Completed,Google Pay
698,378,100,2025-04-07,3,294.02,882.06,Completed,Debit Card
699,55,45,2024-05-22,1,33.16,33.16,Shipped,Credit Card
700,252,137,2024-09-02,5,212.33,1061.65,Completed,Apple Pay
701,350,64,2025-06-14,4,189.55,758.2,Completed,Apple Pay
702,367,95,2025-04-14,1,381.64,381.64,Shipped,Credit Card
703,431,190,2025-01-31,2,58.02,116.04,Completed,PayPal
704,283,99,2024-07-24,5,260.77,1303.85,Pending,Credit Card
705,274,61,2025-04-30,1,182.0,182.0,Completed,PayPal
706,155,24,2025-06-03,3,262.48,787.44,Completed,Apple Pay
707,324,82,2025-05-09,3,87.14,261.42,Completed,PayPal
708,444,21,2025-04-15,5,1194.35,5971.75,Completed,PayPal
709,368,109,2025-05-08,3,472.01,1416.03,Pending,PayPal
710,260,17,2024-08-19,2,342.55,685.1,Cancelled,PayPal
711,233,178,2023-12-01,1,69.61,69.61,Shipped,Apple Pay
712,406,165,2024-03-23,1,130.68,130.68,Completed,Google Pay
713,43,29,2024-04-10,2,1229.54,2459.08,Shipped,Debit Card
714,434,153,2025-02-11,1,485.14,485.14,Cancelled,Debit Card
715,134,45,2025-02-12,3,33.16,99.48,Completed,PayPal
716,94,101,2025-05-08,5,536.6,2683.0,Completed,Credit Card
717,486,6,2025-05-28,2,438.46,876.92,Completed,Apple Pay
718,206,159,2024-10-03,1,128.59,128.59,Shipped,Credit Card
719,8,184,2024-11-24,3,85.61,256.83,Pending,Apple Pay
720,442,69,2024-07-11,2,41.04,82.08,Shipped,Debit Card
721,422,73,2025-03-02,1,76.71,76.71,Completed,Credit Card
722,149,68,2024-06-06,2,185.89,371.78,Shipped,Bank Transfer
723,332,118,2024-02-07,4,577.05,2308.2,Completed,Bank Transfer
724,109,183,2024-09-07,1,73.25,73.25,Completed,Credit Card
725,286,16,2024-01-02,2,1213.41,2426.82,Shipped,Bank Transfer
726,496,154,2025-02-22,1,341.65,341.65,Completed,PayPal
727,203,172,2024-08-30,5,25.92,129.6,Shipped,Debit Card
728,134,44,2024-11-12,5,737.59,3687.95,Completed,Credit Card
729,163,182,2024-11-26,1,64.95,64.95,Completed,Apple Pay
730,447,72,2025-03-12,4,135.4,541.6,Completed,Google Pay
731,425,195,2025-05-30,2,131.59,263.18,Completed,PayPal
732,378,126,2025-03-19,1,351.48,351.48,Shipped,Bank Transfer
733,118,47,2023-12-13,1,827.02,827.02,Completed,Credit Card
734,459,127,2023-12-20,1,64.66,64.66,Completed,Apple Pay
735,253,29,2025-04-25,4,1023.18,4092.72,Completed,Debit Card
736,428,44,2025-03-13,3,737.59,2212.77,Shipped,Google Pay
737,109,150,2025-06-29,1,140.17,140.17,Completed,Apple Pay
738,472,20,2024-06-13,2,651.75,1303.5,Completed,Bank Transfer
739,349,32,2024-09-13,2,1492.86,2985.72,Completed,Debit Card
740,15,21,2024-10-20,3,1194.35,3583.05,Shipped,PayPal
741,305,169,2023-10-23,5,140.46,702.3,Completed,PayPal
742,486,188,2025-06-29,4,88.35,353.4,Completed,Debit Card
743,442,13,2025-04-05,1,281.56,281.56,Cancelled,Credit Card
744,281,155,2024-09-06,1,149.69,149.69,Completed,Credit Card
745,11,54,2024-04-14,3,128.01,384.03,Cancelled,Bank Transfer
746,79,31,2024-07-17,3,1447.6,4342.8,Completed,Bank Transfer
747,309,34,2024-08-23,1,895.0,895.0,Completed,Apple Pay
748,229,100,2024-10-29,2,294.02,588.04,Cancelled,Apple Pay
749,416,95,2025-01-07,1,329.9,329.9,Completed,Bank Transfer
750,254,135,2025-01-15,1,25.88,25.88,Completed,PayPal
751,128,134,2024-10-02,2,354.75,709.5,Completed,Google Pay
752,56,131,2024-09-30,1,374.52,374.52,Shipped,PayPal
753,182,66,2024-12-24,3,72.63,217.89,Completed,Debit Card
754,403,47,2025-04-23,1,827.02,827.02,Pending,PayPal
755,161,151,2025-03-01,3,296.59,889.77,Completed,PayPal
756,495,48,2024-05-20,1,769.18,769.18,Completed,Bank Transfer
757,55,112,2024-11-28,1,395.89,395.89,Completed,Apple Pay
758,355,104,2025-05-05,5,588.71,2943.55,Completed,PayPal
759,317,158,2024-08-24,2,318.85,637.7,Completed,PayPal
760,45,33,2024-03-22,1,394.41,394.41,Pending,Debit Card
761,440,7,2024-05-18,2,172.16,344.32,Completed,Bank Transfer
762,440,138,2024-05-05,1,60.88,60.88,Completed,Apple Pay
763,12,30,2024-04-16,1,999.82,999.82,Completed,Apple Pay
764,11,116,2024-12-24,1,39.02,39.02,Completed,Credit Card
765,171,3,2024-02-23,1,73.79,73.79,Completed,Bank Transfer
766,297,153,2025-03-04,6,423.02,2538.12,Completed,Google Pay
767,372,157,2025-06-02,4,335.67,1342.68,Completed,Bank Transfer
768,32,136,2023-11-18,2,483.43,966.86,Completed,Bank Transfer
769,214,122,2024-03-07,2,348.35,696.7,Completed,Bank Transfer
770,224,6,2024-04-13,3,438.46,1315.38,Completed,Debit Card
771,260,57,2024-12-25,2,196.92,393.84,Pending,Bank Transfer
772,240,34,2025-05-11,3,895.0,2685.0,Completed,Bank Transfer
773,335,189,2024-08-24,2,126.25,252.5,Completed,Google Pay
774,248,34,2024-04-22,1,895.0,895.0,Completed,Apple Pay
775,156,61,2024-05-19,1,170.08,170.08,Completed,Bank Transfer
776,82,45,2025-04-17,4,27.47,109.88,Completed,Credit Card
777,317,59,2024-03-10,1,179.04,179.04,Completed,PayPal
778,394,12,2025-03-22,2,552.24,1104.48,Pending,Google Pay
779,485,113,2025-04-04,5,558.39,2791.95,Completed,Google Pay
780,313,27,2025-04-15,1,674.83,674.83,Completed,PayPal
781,81,187,2024-07-13,1,148.95,148.95,Cancelled,Credit Card
782,79,166,2024-08-26,3,105.37,316.11,Completed,Credit Card
783,126,122,2024-08-13,2,302.51,605.02,Cancelled,Apple Pay
784,386,136,2024-09-29,1,483.43,483.43,Completed,Apple Pay
785,460,118,2025-06-09,2,577.05,1154.1,Completed,Apple Pay
786,75,198,2023-11-02,3,103.53,310.59,Completed,PayPal
787,162,103,2025-06-22,1,373.25,373.25,Shipped,Bank Transfer
788,78,148,2024-01-09,3,244.97,734.91,Completed,PayPal
789,215,103,2025-05-12,3,406.28,1218.84,Pending,Bank Transfer
790,161,89,2023-10-28,1,537.2,537.2,Completed,Bank Transfer
791,207,115,2025-01-22,2,512.41,1024.82,Completed,Bank Transfer
792,177,167,2024-09-19,1,149.83,149.83,Completed,Google Pay
793,172,100,2025-03-01,3,279.01,837.03,Completed,Debit Card
794,48,131,2024-12-07,2,374.52,749.04,Completed,Credit Card
795,15,139,2024-12-28,1,306.13,306.13,Pending,Apple Pay
796,259,29,2025-03-04,3,1229.54,3688.62,Completed,PayPal
797,64,13,2025-03-16,5,281.56,1407.8,Shipped,Bank Transfer
798,3,117,2024-08-11,1,22.39,22.39,Shipped,Google Pay
799,366,161,2025-02-01,1,86.21,86.21,Pending,Bank Transfer
800,294,173,2024-03-26,1,22.15,22.15,Completed,PayPal
801,265,150,2024-05-06,3,140.17,420.51,Completed,Bank Transfer
802,455,34,2024-10-29,1,895.0,895.0,Completed,Apple Pay
803,302,144,2024-11-20,1,158.28,158.28,Completed,Bank Transfer
804,217,113,2025-02-12,3,558.39,1675.17,Completed,Debit Card
805,259,33,2024-11-02,2,394.41,788.82,Completed,Google Pay
806,61,178,2024-05-21,2,69.61,139.22,Shipped,PayPal
807,472,31,2025-01-01,1,1447.6,1447.6,Completed,Google Pay
808,79,31,2024-08-31,6,1447.6,8685.6,Completed,Credit Card
809,406,37,2024-03-28,2,362.52,725.04,Completed,Debit Card
810,94,190,2024-11-04,1,58.02,58.02,Completed,Apple Pay
811,247,147,2024-07-24,2,400.45,800.9,Completed,Apple Pay
812,428,185,2025-04-19,1,95.7,95.7,Cancelled,Apple Pay
813,342,115,2024-04-03,3,461.79,1385.37,Shipped,Apple Pay
814,199,60,2025-05-18,1,132.75,132.75,Completed,Bank Transfer
815,13,147,2025-01-15,1,400.45,400.45,Shipped,Google Pay
816,44,50,2025-06-11,2,1414.14,2828.28,Shipped,Google Pay
817,97,193,2024-10-28,4,63.08,252.32,Completed,Credit Card
818,141,53,2024-06-13,3,96.86,290.58,Completed,Credit Card
819,414,137,2025-01-04,1,212.33,212.33,Completed,PayPal
820,224,47,2024-09-25,4,827.02,3308.08,Completed,Credit Card
821,59,26,2024-12-02,1,254.66,254.66,Cancelled,Credit Card
822,79,79,2025-06-10,2,138.66,277.32,Completed,Credit Card
823,366,15,2024-07-17,1,474.31,474.31,Completed,Apple Pay
824,306,151,2024-06-07,2,296.59,593.18,Completed,PayPal
825,32,82,2024-10-22,1,87.14,87.14,Completed,Bank Transfer
826,120,5,2024-06-29,5,1219.85,6099.25,Completed,Google Pay
827,334,33,2024-07-21,1,356.02,356.02,Completed,Debit Card
828,192,139,2025-06-23,3,306.13,918.39,Completed,Google Pay
829,232,11,2023-10-08,2,1303.72,2607.44,Completed,Bank Transfer
830,498,43,2023-10-06,5,1454.41,7272.05,Shipped,PayPal
831,430,175,2024-09-05,1,56.07,56.07,Shipped,Google Pay
832,145,12,2024-04-13,2,459.28,918.56,Pending,Credit Card
833,426,36,2025-03-01,6,344.92,2069.52,Completed,Google Pay
834,259,82,2025-05-11,5,87.14,435.7,Cancelled,Bank Transfer
835,232,70,2024-06-13,6,159.59,957.54,Completed,Google Pay
836,169,5,2025-05-24,1,1219.85,1219.85,Shipped,Apple Pay
837,3,3,2025-02-05,4,73.79,295.16,Cancelled,Apple Pay
838,276,21,2025-03-30,2,984.17,1968.34,Pending,Apple Pay
839,345,32,2024-08-20,3,1492.86,4478.58,Completed,Apple Pay
840,91,197,2025-04-10,6,104.41,626.46,Completed,Apple Pay
841,5,57,2025-03-10,3,196.92,590.76,Pending,PayPal
842,99,24,2025-04-12,2,262.48,524.96,Completed,Debit Card
843,253,93,2023-12-14,2,545.5,1091.0,Shipped,Debit Card
844,4,51,2025-06-23,2,553.23,1106.46,Completed,Apple Pay
845,88,142,2024-05-07,3,147.02,441.06,Shipped,Google Pay
846,90,17,2024-12-25,3,322.46,967.38,Completed,Google Pay
847,374,71,2024-05-06,2,165.14,330.28,Pending,Bank Transfer
848,273,158,2024-06-18,2,318.85,637.7,Completed,Bank Transfer
849,345,167,2024-01-02,1,149.83,149.83,Completed,Credit Card
850,349,133,2024-10-23,1,359.84,359.84,Pending,Debit Card
